<?xml version="1.0" encoding="UTF-8"?>
<map map_file="maps/bangladesh.swf" tl_long="88.010734" tl_lat="26.634250" br_long="92.673606" br_lat="20.740954" zoom="90%" zoom_x="78.86%" zoom_y="6.55%">

  <areas>
    <area mc_name="BD_BA" title="Barisal"/>
    <area mc_name="BD_CG" title="Chittagong"/>
    <area mc_name="BD_DA" title="Dhaka"/>
    <area mc_name="BD_KH" title="Khulna"/>
    <area mc_name="BD_RJ" title="Rajshahi"/>
    <area mc_name="BD_RP" title="Rangpur"/>
    <area mc_name="BD_SY" title="Sylhet"/>
    <area title="borders" mc_name="borders_outside" color="#FFFFFF" balloon="false" alpha="0"></area>
    <area title="borders" mc_name="borders_inside" color="#FFFFFF" balloon="false"></area>
  </areas>

  <movies>
    <movie title="Dhaka" file="target" color="#CC0000" height="10" width="10" lat="23.709801" long="90.40711" fixed_size="true"></movie>
  </movies>

  <labels>
    <label x="999" y="423" text_size="18" color="#FFFFFF" remain="false">
      <text>Bangladesh</text>
    </label>
  </labels>
</map>