<?xml version="1.0" encoding="UTF-8"?>
<map map_file="maps/france_departments.swf" tl_long="-5.18114" tl_lat="51.088566" br_long="9.560176" br_lat="41.364989" zoom="80%" zoom_x="20.78%" zoom_y="6.38%">

  <areas>
    <area mc_name="FR_AI" title="01-Ain" color="#FFCC99"></area>
    <area mc_name="FR_AS" title="02-Aisne" color="#99CCFF"></area>
    <area mc_name="FR_AL" title="03-Allier" color="#FFCC99"></area>
    <area mc_name="FR_AP" title="04-Alpes-de-Haute-Provence" color="#99CCFF"></area>
    <area mc_name="FR_AM" title="06-Alpes-Maritimes" color="#99CCFF"></area>
    <area mc_name="FR_AH" title="07-Ardèche" color="#99CCFF"></area>
    <area mc_name="FR_AN" title="08-Ardennes" color="#99CCFF"></area>
    <area mc_name="FR_AG" title="09-Ariège" color="#CCFFCC"></area>
    <area mc_name="FR_AB" title="10-Aube" color="#99CCFF"></area>
    <area mc_name="FR_AD" title="11-Aude" color="#99CCFF"></area>
    <area mc_name="FR_AV" title="12-Aveyron" color="#CCFFCC"></area>
    <area mc_name="FR_BR" title="67-Bas-Rhin" color="#C0C0C0"></area>
    <area mc_name="FR_BD" title="13-Bouches-du-Rhône" color="#99CCFF"></area>
    <area mc_name="FR_CV" title="14-Calvados" color="#C0C0C0"></area>
    <area mc_name="FR_CL" title="15-Cantal" color="#FFCC99"></area>
    <area mc_name="FR_CT" title="16-Charente" color="#CCFFCC"></area>
    <area mc_name="FR_CM" title="17-Charente-Maritime" color="#CCFFCC"></area>
    <area mc_name="FR_CH" title="18-Cher" color="#C0C0C0"></area>
    <area mc_name="FR_CZ" title="19-Corrèze" color="#CCFFCC"></area>
    <area mc_name="FR_CS" title="2A-Corse-du-Sud" color="#99CCFF"></area>
    <area mc_name="FR_CO" title="21-Côte-d'Or" color="#C0C0C0"></area>
    <area mc_name="FR_CA" title="22-Côtes-d'Armor" color="#99CCFF"></area>
    <area mc_name="FR_CR" title="23-Creuse" color="#CCFFCC"></area>
    <area mc_name="FR_DS" title="79-Deux-Sèvres" color="#CCFFCC"></area>
    <area mc_name="FR_DD" title="24-Dordogne" color="#CCFFCC"></area>
    <area mc_name="FR_DB" title="25-Doubs" color="#C0C0C0"></area>
    <area mc_name="FR_DM" title="26-Drôme" color="#FFCC99"></area>
    <area mc_name="FR_ES" title="91-Essonne" color="#CCFFCC"></area>
    <area mc_name="FR_EU" title="27-Eure" color="#C0C0C0"></area>
    <area mc_name="FR_EL" title="28-Eure-et-Loir" color="#C0C0C0"></area>
    <area mc_name="FR_FI" title="29-Finistère" color="#99CCFF"></area>
    <area mc_name="FR_GA" title="30-Gard" color="#99CCFF"></area>
    <area mc_name="FR_GE" title="32-Gers" color="#CCFFCC"></area>
    <area mc_name="FR_GI" title="33-Gironde" color="#CCFFCC"></area>
    <area mc_name="FR_HC" title="2B-Haute-Corse" color="#99CCFF"></area>
    <area mc_name="FR_HG" title="31-Haute-Garonne" color="#CCFFCC"></area>
    <area mc_name="FR_HL" title="43-Haute-Loire" color="#FFCC99"></area>
    <area mc_name="FR_HM" title="52-Haute-Marne" color="#99CCFF"></area>
    <area mc_name="FR_HA" title="05-Hautes-Alpes" color="#99CCFF"></area>
    <area mc_name="FR_HN" title="70-Haute-Saône" color="#C0C0C0"></area>
    <area mc_name="FR_HS" title="74-Haute-Savoie" color="#FFCC99"></area>
    <area mc_name="FR_HP" title="65-Hautes-Pyrénées" color="#CCFFCC"></area>
    <area mc_name="FR_HV" title="87-Haute-Vienne" color="#CCFFCC"></area>
    <area mc_name="FR_HR" title="68-Haut-Rhin" color="#C0C0C0"></area>
    <area mc_name="FR_HD" title="92-Hauts-de-Seine" color="#FFFFFF"></area>
    <area mc_name="FR_HE" title="34-Hérault" color="#99CCFF"></area>
    <area mc_name="FR_IV" title="35-Ille-et-Vilaine" color="#99CCFF"></area>
    <area mc_name="FR_IN" title="36-Indre" color="#C0C0C0"></area>
    <area mc_name="FR_IL" title="37-Indre-et-Loire" color="#C0C0C0"></area>
    <area mc_name="FR_IS" title="38-Isère" color="#FFCC99"></area>
    <area mc_name="FR_JU" title="39-Jura" color="#C0C0C0"></area>
    <area mc_name="FR_LD" title="40-Landes" color="#CCFFCC"></area>
    <area mc_name="FR_LR" title="42-Loire" color="#FFCC99"></area>
    <area mc_name="FR_LA" title="44-Loire-Atlantique" color="#99CCFF"></area>
    <area mc_name="FR_LT" title="45-Loiret" color="#CCFFCC"></area>
    <area mc_name="FR_LC" title="41-Loir-et-Cher" color="#C0C0C0"></area>
    <area mc_name="FR_LO" title="46-Lot" color="#CCFFCC"></area>
    <area mc_name="FR_LG" title="47-Lot-et-Garonne" color="#CCFFCC"></area>
    <area mc_name="FR_LZ" title="48-Lozère" color="#99CCFF"></area>
    <area mc_name="FR_ML" title="49-Maine-et-Loire" color="#99CCFF"></area>
    <area mc_name="FR_MH" title="50-Manche" color="#C0C0C0"></area>
    <area mc_name="FR_MR" title="51-Marne" color="#99CCFF"></area>
    <area mc_name="FR_MY" title="53-Mayenne" color="#99CCFF"></area>
    <area mc_name="FR_MM" title="54-Meurthe-et-Moselle" color="#C0C0C0"></area>
    <area mc_name="FR_MS" title="55-Meuse" color="#C0C0C0"></area>
    <area mc_name="FR_MB" title="56-Morbihan" color="#99CCFF"></area>
    <area mc_name="FR_MO" title="57-Moselle" color="#C0C0C0"></area>
    <area mc_name="FR_NI" title="58-Nièvre" color="#FFCC99"></area>
    <area mc_name="FR_NO" title="59-Nord" color="#99CCFF"></area>
    <area mc_name="FR_OI" title="60-Oise" color="#99CCFF"></area>
    <area mc_name="FR_OR" title="61-Orne" color="#C0C0C0"></area>
    <area mc_name="FR_PC" title="62-Pas-de-Calais" color="#99CCFF"></area>
    <area mc_name="FR_PD" title="63-Puy-de-Dôme" color="#FFCC99"></area>
    <area mc_name="FR_PA" title="64-Pyrénées-Atlantiques" color="#CCFFCC"></area>
    <area mc_name="FR_PO" title="66-Pyrénées-Orientales" color="#99CCFF"></area>
    <area mc_name="FR_RH" title="69-Rhône" color="#FFCC99"></area>
    <area mc_name="FR_SL" title="71-Saône-et-Loire" color="#FFCC99"></area>
    <area mc_name="FR_ST" title="72-Sarthe" color="#99CCFF"></area>
    <area mc_name="FR_SV" title="73-Savoie" color="#FFCC99"></area>
    <area mc_name="FR_SE" title="77-Seine-et-Marne" color="#CCFFCC"></area>
    <area mc_name="FR_SM" title="76-Seine-Maritime" color="#99CCFF"></area>
    <area mc_name="FR_SS" title="93-Seine-Saint-Denis" color="#FFFFFF"></area>
    <area mc_name="FR_SO" title="80-Somme" color="#99CCFF"></area>
    <area mc_name="FR_TA" title="81-Tarn" color="#CCFFCC"></area>
    <area mc_name="FR_TG" title="82-Tarn-et-Garonne" color="#CCFFCC"></area>
    <area mc_name="FR_TB" title="90-Territoire de Belfort" color="#C0C0C0"></area>
    <area mc_name="FR_VM" title="94-Val-de-Marne" color="#FFFFFF"></area>
    <area mc_name="FR_VO" title="95-Val-d'Oise" color="#C0C0C0"></area>
    <area mc_name="FR_VR" title="83-Var" color="#99CCFF"></area>
    <area mc_name="FR_VC" title="84-Vaucluse" color="#99CCFF"></area>
    <area mc_name="FR_VD" title="85-Vendée" color="#99CCFF"></area>
    <area mc_name="FR_VN" title="86-Vienne" color="#CCFFCC"></area>
    <area mc_name="FR_VP" title="75-Ville de Paris" color="#FFFFFF"></area>
    <area mc_name="FR_VG" title="88-Vosges" color="#C0C0C0"></area>
    <area mc_name="FR_YO" title="89-Yonne" color="#CCFFCC"></area>
    <area mc_name="FR_YV" title="78-Yvelines" color="#C0C0C0"></area>
    <area mc_name="borders" title="borders" color="#FFFFFF" balloon="false"></area>
  </areas>

  <movies>
    <movie title="Paris" file="target" color="#666666" height="10" width="10" lat="48.856925" long="2.34121" fixed_size="true"></movie>
  </movies>

  <labels>
    <label x="181" y="101" text_size="18" color="#FFFFFF" remain="false">
      <text>France</text>
    </label>
  </labels>
</map>