<map map_file="maps/europe.swf" tl_long="-28.7153" tl_lat="80.48514" br_long="69.0402" br_lat="27.61925"  zoom_x="0%" zoom_y="0%" zoom="100%">
  <areas>
      <area title="ALAND ISLANDS" mc_name="AX"></area>
      <area title="ALBANIA" mc_name="AL"></area>
      <area title="ANDORRA" mc_name="AD"></area>
      <area title="ARMENIA" mc_name="AM"></area>
      <area title="AUSTRIA" mc_name="AT"></area>
      <area title="AZERBAIJAN" mc_name="AZ"></area>
      <area title="BELARUS" mc_name="BY"></area>
      <area title="BELGIUM" mc_name="BE"></area>
      <area title="BOSNIA AND HERZEGOVINA" mc_name="BA"></area>
      <area title="BULGARIA" mc_name="BG"></area>
      <area title="CROATIA" mc_name="HR"></area>
      <area title="CYPRUS" mc_name="CY"></area>
      <area title="CZECH REPUBLIC" mc_name="CZ"></area>
      <area title="DENMARK" mc_name="DK"></area>
      <area title="ESTONIA" mc_name="EE"></area>
      <area title="FAEROE ISLANDS" mc_name="FO"></area>
      <area title="FINLAND" mc_name="FI"></area>
      <area title="FRANCE" mc_name="FR"></area>
      <area title="GEORGIA" mc_name="GE"></area>
      <area title="GERMANY" mc_name="DE"></area>
      <area title="GREECE" mc_name="GR"></area>
      <area title="HUNGARY" mc_name="HU"></area>
      <area title="ICELAND" mc_name="IS"></area>
      <area title="IRELAND" mc_name="IE"></area>
      <area title="ITALY" mc_name="IT"></area>
      <area title="KOSOVO" mc_name="KV"></area>
      <area title="LATVIA" mc_name="LV"></area>
      <area title="LIECHTENSTEIN" mc_name="LI"></area>
      <area title="LITHUANIA" mc_name="LT"></area>
      <area title="LUXEMBOURG" mc_name="LU"></area>
      <area title="MACEDONIA" mc_name="MK"></area>
      <area title="MALTA" mc_name="MT"></area>
      <area title="MOLDOVA" mc_name="MD"></area>
      <area title="MONTENEGRO" mc_name="ME"></area>
      <area title="NETHERLANDS" mc_name="NL"></area>
      <area title="NORWAY" mc_name="NO"></area>
      <area title="POLAND" mc_name="PL"></area>
      <area title="PORTUGAL" mc_name="PT"></area>
      <area title="ROMANIA" mc_name="RO"></area>
      <area title="RUSSIAN FEDERATION (European portion)" mc_name="RU"></area>
      <area title="SERBIA" mc_name="RS"></area>
      <area title="SLOVAKIA" mc_name="SK"></area>
      <area title="SLOVENIA" mc_name="SI"></area>
      <area title="SPAIN" mc_name="ES"></area>
      <area title="SVALBARD AND JAN MAYEN" mc_name="SJ"></area>
      <area title="SWEDEN" mc_name="SE"></area>
      <area title="SWITZERLAND" mc_name="CH"></area>
      <area title="TURKEY" mc_name="TR"></area>
      <area title="UNITED KINGDOM" mc_name="GB"></area>
      <area title="UKRAINE" mc_name="UA"></area>
      <area title="GUERNSEY" mc_name="GG"></area>
      <area title="JERSEY" mc_name="JE"></area>
      <area title="ISLE OF MAN" mc_name="IM"></area>
      <area title="borders" mc_name="borders" color="#ffffff" balloon="false"></area>
  </areas>

  <movies>
    <movie></movie>
  </movies>

  <labels>
    <label x="0" y="50" width="100%" align="center" text_size="16" color="#FFFFFF">
      <text><![CDATA[<b>Europe</b>]]></text>
      <description><![CDATA[]]></description>
    </label>
  </labels>
</map>