<?xml version="1.0" encoding="UTF-8"?>
<map map_file="maps/syria.swf" tl_long="35.70064" tl_lat="37.319019" br_long="42.369486" br_lat="32.310546" zoom="90%" zoom_x="28.69%" zoom_y="5.16%">

  <areas>
    <area mc_name="SY_HL" title="Aleppo"/>
    <area mc_name="SY_HA" title="Al Hasakah"/>
    <area mc_name="SY_RA" title="Ar Raqqah"/>
    <area mc_name="SY_SU" title="As Suwaydā'"/>
    <area mc_name="SY_DI" title="Damascus"/>
    <area mc_name="SY_DR" title="Dar`ā"/>
    <area mc_name="SY_DY" title="Dayr az Zawr"/>
    <area mc_name="SY_HM" title="Hama"/>
    <area mc_name="SY_HI" title="Hims"/>
    <area mc_name="SY_ID" title="Idlib"/>
    <area mc_name="SY_LA" title="Latakia"/>
    <area mc_name="SY_QU" title="Quneitra"/>
    <area mc_name="SY_RD" title="Rif Dimashq"/>
    <area mc_name="SY_TA" title="Ţarţūs"/>
    <area title="borders" mc_name="borders_outside" color="#ffffff" balloon="false" alpha="0"></area>
    <area title="borders" mc_name="borders_inside" color="#ffffff" balloon="false"></area>
  </areas>

  <movies>
    <movie title="Damascus" file="target" color="#CC0000" height="10" width="10" lat="33.556756" long="36.3408" fixed_size="true"></movie>
  </movies>

  <labels>
    <label x="999" y="423" text_size="18" color="#FFFFFF" remain="false">
      <text>Syria</text>
    </label>
  </labels>
</map>