﻿<?xml version="1.0" encoding="UTF-8"?>
<map map_file="maps/central_african_republic.swf" tl_long="14.419730" tl_lat="11.008085" br_long="27.464486" br_lat="2.219642" zoom="90%" zoom_x="28.69%" zoom_y="5.16%">
  <areas>
    <area mc_name="CF_BB" title="Bamingui-Bangoran"></area>
    <area mc_name="CF_BG" title="Bangui"></area>
    <area mc_name="CF_BK" title="Basse-Kotto"></area>
    <area mc_name="CF_HK" title="Haute-Kotto"></area>
    <area mc_name="CF_HM" title="Haut-Mbomou"></area>
    <area mc_name="CF_KG" title="Kémo"></area>
    <area mc_name="CF_LB" title="Lobaye"></area>
    <area mc_name="CF_HS" title="Mambéré-Kadéï"></area>
    <area mc_name="CF_MB" title="Mbomou"></area>
    <area mc_name="CF_KB" title="Nana-Grébizi"></area>
    <area mc_name="CF_NM" title="Nana-Mambéré"></area>
    <area mc_name="CF_MP" title="Ombella-M'Poko"></area>
    <area mc_name="CF_UK" title="Ouaka"></area>
    <area mc_name="CF_AC" title="Ouham"></area>
    <area mc_name="CF_OP" title="Ouham-Pendé"></area>
    <area mc_name="CF_SE" title="Sangha-Mbaéré"></area>
    <area mc_name="CF_VK" title="Vakaga"></area>
    <area title="borders" mc_name="borders_outside" color="#FFFFFF" balloon="false" alpha="0"></area>
    <area title="borders" mc_name="borders_inside" color="#FFFFFF" balloon="false"></area>
  </areas>

  <movies>
    <movie title="Bangui" file="target" color="#CC0000" height="10" width="10" lat="4.357879423326586" long="18.562864512205124" fixed_size="true"></movie>
  </movies>

  <labels>
    <label x="794" y="592" text_size="18" color="#FFFFFF" remain="false">
      <text>Central African Republic</text>
    </label>
  </labels>
</map>