<?xml version="1.0" encoding="UTF-8"?>
<map map_file="maps/cyprus2.swf" tl_long="32.269202" tl_lat="35.708569" br_long="34.606669" br_lat="34.565179" zoom="85%" zoom_x="6.78%" zoom_y="16.11%">
  <areas>
<!-- Republic of Cyprus -->
    <area mc_name="CY_FA" title="Famagusta"></area>
    <area mc_name="CY_KY" title="Kyrenia"></area>
    <area mc_name="CY_LA" title="Larnaca"></area>
    <area mc_name="CY_LI" title="Limassol"></area>
    <area mc_name="CY_NI" title="Nicosia"></area>
    <area mc_name="CY_PA" title="Paphos"></area>
    <area mc_name="GB_AX" title="Akrotiri"></area>
    <area mc_name="GB_DX" title="Dhekelia"></area>
<!-- Turkish Republic of Northern Cyprus -->
    <area mc_name="CY_GA" title="Gazimagusa"></area>
    <area mc_name="CY_GI" title="Girne"></area>
    <area mc_name="CY_GU" title="Guzelyurt"></area>
    <area mc_name="CY_IS" title="Iskele"></area>
    <area mc_name="CY_LE" title="Lefkosa"></area>
    <area mc_name="CY_UN" title="UN-administered Buffer Zone"></area>
    <area mc_name="borders" title="borders" color="#FFFFFF" balloon="false"></area>
  </areas>

  <movies>
    <movie title="Nicosia" file="target" color="#666666" height="10" width="10" lat="35.170952" long="33.36898" fixed_size="true"></movie>
  </movies>

  <labels>
    <label x="133" y="153" text_size="18" color="#FFFFFF" remain="false">
      <text>Cyprus</text>
    </label>
  </labels>
</map>