<?xml version="1.0" encoding="UTF-8"?>
<map map_file="maps/kazakhstan.swf" tl_long="46.492762" tl_lat="55.431255" br_long="87.313465" br_lat="40.551137" zoom="85%" zoom_x="10.53%" zoom_y="19.76%">
  <areas>
    <area mc_name="KZ_AA" title="Almaty"></area>
    <area mc_name="KZ_AM" title="Aqmola"></area>
    <area mc_name="KZ_AT" title="Aqtöbe"></area>
    <area mc_name="KZ_AR" title="Atyrau"></area>
    <area mc_name="KZ_EK" title="East Kazakhstan"></area>
    <area mc_name="KZ_MG" title="Mangghystau"></area>
    <area mc_name="KZ_NK" title="North Kazakhstan"></area>
    <area mc_name="KZ_PA" title="Pavlodar"></area>
    <area mc_name="KZ_QG" title="Qaraghandy"></area>
    <area mc_name="KZ_QS" title="Qostanay"></area>
    <area mc_name="KZ_QO" title="Qyzylorda"></area>
    <area mc_name="KZ_SK" title="South Kazakhstan"></area>
    <area mc_name="KZ_WK" title="West Kazakhstan"></area>
    <area mc_name="KZ_ZM" title="Zhambyl"></area>
    <area mc_name="borders_inside" title="borders" color="#FFFFFF" balloon="false"></area>
    <area mc_name="KZ_ARS" title="Aral Sea" color="#0098FF" balloon="false"></area>
    <area mc_name="borders_aral_sea" title="borders" color="#0066FF" balloon="false"></area>
  </areas>

  <movies>
    <movie title="Astana" file="target" color="#666666" height="10" width="10" lat="51.189442" long="71.432091" fixed_size="true"></movie>
  </movies>

  <labels>
    <label x="179" y="201" text_size="18" color="#FFFFFF" remain="false">
      <text>Kazakhstan</text>
    </label>
  </labels>
</map>