country;ID;year;mc_wages;big_mac_price;BMPH;mc_Wages_PPP;MinWage
Argentina;AR;2000;43,75663756;NA;NA;18,96554093;0
Argentina;AR;2001;91,52953554;24,34476617;0,794634227;52,69055492;1
Argentina;AR;2002;60,68031162;36,58681618;0,357949864;6,160740709;1
Argentina;AR;2003;39,44548209;NA;0,947324183;28,87736792;0
Argentina;AR;2004;NA;22,52838041;0,491959671;0,296456556;1
Argentina;AR;2005;18,71118262;39,53532885;0,866924381;9,303663719;1
Argentina;AR;2006;1,988347069;43,99908606;0,400146169;99,22387981;0
Argentina;AR;2007;12,12695971;20,035521;0,065434739;72,99425668;0
Argentina;AR;2008;25,2065783;57,92545892;0,592835116;9,641700889;0
Argentina;AR;2009;15,50886987;3,31062156;0,048137318;1,887522196;1
Argentina;AR;2010;0,94528035;56,78712163;0,727263606;1,310401353;0
Argentina;AR;2011;4,357585533;8,258094379;NA;6,379834577;0
Argentina;AR;2012;90,59434474;60,63514307;0,236558663;3,588156109;0
Argentina;AR;2013;27,84376759;83,2882801;0,633549056;81,90717803;1
Argentina;AR;2014;10,17861891;62,12191863;0,594667938;26,92827258;1
Argentina;AR;2015;25,21358102;76,08681901;0,580208325;1,748525413;0
Argentina;AR;2016;NA;NA;0,72650409;46,31314165;0
Australia;AU;2000;8,757475875;43,95941368;0,33216789;98,83323309;1
Australia;AU;2001;24,45700681;96,4232141;0,792639622;53,27545373;1
Australia;AU;2002;6,099405382;97,84023085;0,625390058;16,05978155;0
Australia;AU;2003;22,85582962;12,35052049;0,467198229;8,560661754;1
Australia;AU;2004;48,42225206;77,49872924;0,703372325;35,84513616;0
Australia;AU;2005;91,91783949;7,973462431;0,575791024;60,08570876;1
Australia;AU;2006;18,06826165;80,3635194;NA;51,43073566;0
Australia;AU;2007;10,04079602;21,90237319;0,322979854;87,97142219;1
Australia;AU;2008;99,61050026;34,97783279;0,632155484;31,62191517;0
Australia;AU;2009;74,77933764;93,25231849;0,348254628;10,50654518;0
Australia;AU;2010;74,4163259;10,24874116;0,259427328;86,00286634;0
Australia;AU;2011;87,86113802;50,84677659;0,163857781;47,44161654;0
Australia;AU;2012;28,19608646;40,16657031;0,840661648;87,79798216;1
Australia;AU;2013;12,22469201;30,10904216;0,061724426;14,6383129;0
Australia;AU;2014;59,69341181;17,03951929;0,973401645;30,38527923;1
Australia;AU;2015;55,60305672;32,19386306;NA;71,94208865;1
Australia;AU;2016;22,04953469;3,806696;0,997423162;98,11950167;1
Austria;AT;2000;91,50046365;79,86540596;0,406726083;69,52082099;1
Austria;AT;2001;18,54075981;NA;0,920311751;70,61261704;1
Austria;AT;2002;9,383462578;21,64907229;0,759286059;98,32868327;0
Austria;AT;2003;48,30663231;37,58411746;0,031011266;98,68924619;0
Austria;AT;2004;15,53942848;36,71687123;0,046640602;23,73134079;0
Austria;AT;2005;27,93848942;18,55313266;0,72426506;61,87929118;1
Austria;AT;2006;4,801642048;91,50719327;0,105087667;60,28887147;1
Austria;AT;2007;56,0524189;30,32924852;0,376310415;60,38319326;0
Austria;AT;2008;30,67457815;71,61479494;NA;91,86489877;1
Austria;AT;2009;14,9136491;62,51570476;0,916480817;1,188042974;0
Austria;AT;2010;63,95649786;84,11301657;0,611034647;25,23619039;1
Austria;AT;2011;35,75664132;72,64358415;0,676308638;13,72366796;0
Austria;AT;2012;50,7588027;94,94609139;0,899901827;13,58344556;0
Austria;AT;2013;30,07755846;92,97548071;0,837575108;16,92196652;1
Austria;AT;2014;56,83649537;36,79007994;0,62756177;23,60271662;1
Austria;AT;2015;67,50369645;54,76860865;0,463396702;60,48743477;1
Austria;AT;2016;27,39643353;NA;0,37695042;59,82860298;1
Azerbaijan;AZ;2000;40,5293443;95,61028225;0,698210682;98,74387039;1
Azerbaijan;AZ;2001;13,32826325;9,010059804;NA;99,15897507;1
Azerbaijan;AZ;2002;79,00150783;77,34144215;0,033507386;63,02611179;1
Azerbaijan;AZ;2003;61,62888341;98,26045242;0,5922445;45,56134394;0
Azerbaijan;AZ;2004;79,07434672;78,94284838;0,595993857;45,30441375;0
Azerbaijan;AZ;2005;59,17218502;NA;0,712010586;79,2492324;1
Azerbaijan;AZ;2006;71,12689287;15,03981636;0,710489136;20,3765812;0
Azerbaijan;AZ;2007;79,74108385;9,713530033;0,952373224;23,41133024;1
Azerbaijan;AZ;2008;72,59329262;20,74324351;0,512064018;2,090557162;0
Azerbaijan;AZ;2009;39,77884813;67,09599511;0,520996358;55,44485391;0
Azerbaijan;AZ;2010;4,940841822;66,86713852;0,072619082;79,48134788;0
Azerbaijan;AZ;2011;89,64508882;40,15077867;0,547220087;30,44164738;0
Azerbaijan;AZ;2012;55,52560243;25,30801637;NA;72,23579527;0
Azerbaijan;AZ;2013;65,97209802;67,57741509;0,242499267;16,51304551;0
Azerbaijan;AZ;2014;NA;42,85950612;0,447884485;9,210269851;1
Azerbaijan;AZ;2015;12,02230033;43,49931052;0,931123262;81,56451504;1
Azerbaijan;AZ;2016;NA;36,83875167;0,61924364;44,82266983;1
Bahrain;BH;2000;86,38096845;27,24498571;0,542374493;92,53289232;0
Bahrain;BH;2007;66,81599639;85,27667467;0,792390234;86,40376494;0
Bahrain;BH;2009;33,54919976;61,31163056;0,70105219;7,192658452;0
Bahrain;BH;2010;66,46729867;45,8748964;0,696720728;70,92990423;0
Bahrain;BH;2011;65,4633655;28,34188388;0,789387854;39,18786445;1
Bahrain;BH;2012;16,44000938;13,23432084;0,417877558;60,91256683;0
Bahrain;BH;2013;43,90588882;NA;0,208168776;99,97709824;1
Bahrain;BH;2014;81,9507507;11,96184795;0,176167236;19,76482806;1
Bahrain;BH;2015;12,05069922;21,3658467;0,818632468;92,00766525;0
Bahrain;BH;2016;26,45192917;66,86342504;0,340872424;63,64557507;0
Belarus;BY;2000;25,33259688;23,37096596;0,528135976;28,32529905;0
Belarus;BY;2001;20,69816114;95,40841964;0,083608628;21,41779746;0
Belarus;BY;2002;89,68994161;65,54905084;0,83925866;96,66963801;0
Belarus;BY;2003;NA;34,07457022;NA;11,62664188;1
Belarus;BY;2004;71,9944937;3,911210679;0,779915184;64,59196181;1
Belarus;BY;2005;90,52987704;6,46270935;0,841963779;58,80766924;1
Belarus;BY;2006;31,42250447;33,63097852;0,470832492;15,01729697;0
Belarus;BY;2007;28,4315901;2,980570924;0,176986892;7,962562863;0
Belarus;BY;2008;49,91113951;55,50457635;0,109044579;16,85627661;0
Belarus;BY;2009;64,29551445;36,95111183;0,458450904;10,30002413;1
Belarus;BY;2010;52,3360925;18,31047924;NA;71,89643736;0
Belarus;BY;2011;73,5451089;0,560249207;0,185936492;52,13936949;1
Belarus;BY;2012;63,89828067;NA;0,678046032;53,7321042;1
Belarus;BY;2013;69,39199777;95,46344274;0,995706838;25,65903024;0
Belarus;BY;2014;55,72268301;35,30279042;0,559008171;91,60771536;0
Belarus;BY;2015;86,12997459;48,4744083;0,71533047;58,48844765;0
Belarus;BY;2016;24,62614286;63,32525706;0,781165668;53,99294244;0
Belgium;BE;2000;20,62232292;0,840218412;0,51534266;59,28013357;1
Belgium;BE;2001;40,11354558;87,93971757;NA;22,46807162;1
Belgium;BE;2002;36,62173058;43,59397437;0,642253359;11,0371843;0
Belgium;BE;2003;30,85292783;NA;0,197267585;75,87915095;0
Belgium;BE;2004;76,40176572;19,29644567;0,076368674;39,71904853;0
Belgium;BE;2005;67,60508748;25,12148946;0,434767309;3,587187645;0
Belgium;BE;2006;70,30833119;80,90466867;0,652037176;39,06694533;1
Belgium;BE;2007;1,862595106;81,24307222;0,697092486;60,16640581;0
Belgium;BE;2008;4,876043931;88,81490964;0,801621374;54,05752513;0
Belgium;BE;2009;98,14318794;64,06677789;0,7708273;99,2958164;0
Belgium;BE;2010;6,799553391;41,93388259;0,086315708;78,83178854;1
Belgium;BE;2011;13,09249754;10,63156787;0,627448664;32,20559347;1
Belgium;BE;2012;52,05118715;77,63558236;0,550596461;95,82718486;0
Belgium;BE;2013;43,42809102;85,27876469;0,2220804;41,45005565;1
Belgium;BE;2014;46,63100159;52,34321217;0,528064969;6,284385793;1
Belgium;BE;2015;23,4531316;NA;0,774225801;25,92509238;1
Belgium;BE;2016;84,15921315;49,28321728;NA;75,9525743;0
Bosnia-Herzegovina;BA;2000;27,60084554;27,29971704;0,893065358;85,0764721;1
Bosnia-Herzegovina;BA;2007;71,27971756;9,751565264;0,721149282;72,40050918;1
Bosnia-Herzegovina;BA;2009;97,19616053;75,44078365;0,945410478;89,51893873;0
Bosnia-Herzegovina;BA;2010;31,29113259;44,61056605;0,463988832;64,98122329;0
Bosnia-Herzegovina;BA;2011;31,53229531;13,51221383;0,771275035;86,99671745;0
Bosnia-Herzegovina;BA;2012;5,869126131;39,84565924;0,713611795;55,80681954;0
Bosnia-Herzegovina;BA;2013;58,52853512;30,30274242;0,272334671;65,77445194;1
Bosnia-Herzegovina;BA;2014;71,60846079;74,70532017;0,465154756;61,68756433;1
Bosnia-Herzegovina;BA;2015;47,32718899;18,83087328;NA;33,7970509;0
Bosnia-Herzegovina;BA;2016;44,37242568;82,88997619;0,154644053;2,157436624;1
Brazil;BR;2000;2,91557626;NA;0,760493159;0,679917901;1
Brazil;BR;2001;82,03117232;77,48485449;0,898910895;28,11605653;0
Brazil;BR;2002;30,98314773;77,30169298;0,269310937;30,68561962;1
Brazil;BR;2003;6,428868641;50,92433827;0,030866518;20,41035137;0
Brazil;BR;2004;19,20094136;71,30262759;0,536614496;22,46713355;1
Brazil;BR;2005;42,52237751;87,51116247;0,053294919;28,70264738;0
Brazil;BR;2006;46,59134839;22,86442884;0,1635887;82,89072224;0
Brazil;BR;2007;82,59007674;77,57286587;0,544369792;61,66928273;1
Brazil;BR;2008;12,46198868;25,74097215;0,066049165;11,69116856;1
Brazil;BR;2009;0,916204368;16,77124913;0,365917664;20,08528269;1
Brazil;BR;2010;80,21925199;27,64699194;0,630296788;6,594896247;1
Brazil;BR;2011;66,86491251;29,2873336;NA;83,13430353;1
Brazil;BR;2012;64,10247741;87,75133518;0,749942814;98,22468932;1
Brazil;BR;2013;4,447788647;14,26630452;0,754918093;41,89417305;0
Brazil;BR;2014;6,837807363;9,130886132;0,962862728;64,89881574;1
Brazil;BR;2015;78,5300715;NA;0,774894735;85,3603644;0
Brazil;BR;2016;24,75146679;77,95606751;0,844272243;86,46147334;0
Bulgaria;BG;2000;18,575232;74,9408369;0,257480764;51,06814563;0
Bulgaria;BG;2007;99,34109255;39,36820251;0,986784321;31,25543832;0
Bulgaria;BG;2009;48,95222126;60,55742533;0,941055942;47,22387005;1
Bulgaria;BG;2010;36,74087;48,58422116;0,709738662;66,15585915;0
Bulgaria;BG;2011;94,9920435;5,686646705;NA;28,14893172;0
Bulgaria;BG;2012;0,728770925;0,886295955;0,224322344;59,25799543;0
Bulgaria;BG;2013;91,25151351;NA;0,733158049;44,05558622;0
Bulgaria;BG;2014;44,29218346;28,35590169;0,651711508;29,43422996;0
Bulgaria;BG;2015;48,4326051;40,39208594;0,463859585;61,64719625;1
Bulgaria;BG;2016;35,64884145;87,75315365;0,186621685;86,38234984;1
Canada;CA;2000;0,650889659;46,95608222;0,105583614;62,64944028;0
Canada;CA;2001;68,85222766;82,44761688;0,992299667;94,43159314;1
Canada;CA;2002;18,82791265;59,65612206;0,643351222;99,82165071;1
Canada;CA;2003;72,01305124;27,56016004;0,320632355;22,53164638;0
Canada;CA;2004;35,15853141;68,57111596;NA;31,01634634;0
Canada;CA;2005;17,93714347;46,65923779;0,346789466;94,40243195;0
Canada;CA;2006;69,82480037;37,4856569;0,143425913;41,61035044;1
Canada;CA;2007;49,32788038;49,15230696;0,372315304;46,2848586;0
Canada;CA;2008;56,49347985;85,57689478;0,809257306;45,1737017;1
Canada;CA;2009;88,1618069;97,0394774;0,543692628;94,42880399;0
Canada;CA;2010;56,03890187;58,41057095;0,91238716;36,31544377;1
Canada;CA;2011;38,75571395;83,85586045;0,610768454;82,93559145;0
Canada;CA;2012;13,44980668;19,86734919;0,782796175;17,41019316;1
Canada;CA;2013;99,18409148;91,97066496;0,442097539;68,82885965;1
Canada;CA;2014;19,35986688;91,15871424;0,001248755;60,79679585;1
Canada;CA;2015;20,13839308;92,38790284;0,614391708;44,8751913;0
Canada;CA;2016;NA;85,27828465;0,326950843;45,83779292;0
Chile;CL;2000;20,45262849;10,55715929;NA;50,09758302;1
Chile;CL;2001;86,38015902;0,024343369;0,229720204;52,34699857;1
Chile;CL;2002;27,43600155;40,43725173;0,13466974;10,61772411;1
Chile;CL;2003;6,523173932;17,60625052;0,729813198;1,019841546;1
Chile;CL;2004;28,53667375;41,05405178;0,508952284;1,84252899;0
Chile;CL;2005;76,46081049;81,6028264;0,213811463;83,09248049;0
Chile;CL;2006;41,32222006;35,16964819;0,080725939;86,69641201;1
Chile;CL;2007;2,944426206;9,293344904;0,683164416;52,81232919;1
Chile;CL;2008;86,24840352;55,52818069;0,571742096;70,64609039;1
Chile;CL;2009;54,37593146;14,61906237;0,614319227;29,10931371;0
Chile;CL;2010;37,72032336;47,21897579;0,745452671;95,92734026;0
Chile;CL;2011;60,51975118;19,82712829;0,420093883;10,63420491;0
Chile;CL;2012;7,944604126;93,27022227;0,217999424;40,12409734;0
Chile;CL;2013;NA;25,68125384;0,14353726;70,62356343;1
Chile;CL;2014;38,06167734;17,57730254;0,45480664;54,65490743;0
Chile;CL;2015;50,53163502;54,46213291;NA;81,51370582;0
Chile;CL;2016;NA;85,32524078;0,787614344;96,3805552;1
China;CN;2000;59,69601206;45,11364229;0,846585598;80,51709243;1
China;CN;2001;37,46059159;69,64251743;0,690332352;13,94329761;0
China;CN;2002;3,659186592;55,7458051;0,992061174;6,792738386;1
China;CN;2003;77,63701536;19,39002718;0,847041024;32,37668322;0
China;CN;2004;93,98414983;76,48897062;0,040705741;43,13166577;0
China;CN;2005;88,37148136;29,248379;0,920990394;84,49572231;1
China;CN;2006;29,59750867;78,38736175;0,078479769;14,82555108;0
China;CN;2007;68,35612578;25,22221957;0,97865818;41,49671875;1
China;CN;2008;71,02649166;99,11608712;0,181937147;3,827375782;0
China;CN;2009;15,36343902;43,71439314;0,064145658;37,51458898;0
China;CN;2010;70,05298101;37,13256685;0,876933694;82,65777521;0
China;CN;2011;4,404899355;10,0438621;NA;68,61601977;1
China;CN;2012;57,17742897;20,55140739;0,842129186;38,35331211;0
China;CN;2013;0,294661967;2,869605135;0,483580881;94,3348537;0
China;CN;2014;37,08874045;42,04671966;0,474291189;33,36780607;1
China;CN;2015;83,86102309;6,688646382;0,172057972;35,41537527;0
China;CN;2016;82,00970978;29,03516016;0,000317705;40,60444126;1
Colombia;CO;2000;85,63808552;13,6319679;0,816873603;90,31871359;0
Colombia;CO;2001;44,62531633;65,7589063;0,705555374;78,29097815;0
Colombia;CO;2002;34,21998302;94,06319444;0,283789451;92,06845616;0
Colombia;CO;2003;90,3931146;32,83791805;0,544617456;0,666979923;0
Colombia;CO;2004;66,0323192;34,97109043;0,988103713;30,07207859;0
Colombia;CO;2005;87,89563112;85,61604075;0,686132036;80,82969806;1
Colombia;CO;2006;58,71715945;33,65625275;0,729814896;63,21530677;0
Colombia;CO;2007;95,02614376;44,67122745;0,24614437;47,86453272;1
Colombia;CO;2008;14,2014913;33,83447335;0,817366371;23,84388353;1
Colombia;CO;2009;98,56027132;61,91381231;0,363258457;15,60006593;0
Colombia;CO;2010;30,68683402;35,27895904;0,457486909;83,85818694;0
Colombia;CO;2011;89,44535085;53,29709663;0,730397891;71,6514396;0
Colombia;CO;2012;NA;71,58005847;0,407721557;87,22421967;0
Colombia;CO;2013;38,67863612;4,545686421;0,99524121;83,05389836;0
Colombia;CO;2014;43,23985419;34,03749151;0,73453472;25,87950155;0
Colombia;CO;2015;14,58465808;65,81268655;0,10574211;22,84181275;0
Colombia;CO;2016;42,21361937;91,97873327;0,600988486;17,28809675;0
Costa Rica;CR;2000;77,65721964;84,26687272;0,319712527;7,198019838;0
Costa Rica;CR;2001;93,75027811;10,95520158;0,383983523;77,50094402;1
Costa Rica;CR;2002;14,93204149;54,86675164;0,643540774;47,14087357;0
Costa Rica;CR;2003;2,800009254;78,41989184;0,086746107;38,50496876;1
Costa Rica;CR;2004;53,481803;6,87013008;0,197521121;42,40474369;0
Costa Rica;CR;2005;NA;63,53663588;0,97589443;86,731056;0
Costa Rica;CR;2006;32,71670421;37,93223365;0,048316095;32,59990645;1
Costa Rica;CR;2007;98,47502941;29,93168046;0,589911033;90,14402767;0
Costa Rica;CR;2008;55,83549145;86,79911538;0,296318239;62,45893896;1
Costa Rica;CR;2009;82,31648746;58,6108118;0,018796319;89,17012526;0
Costa Rica;CR;2010;42,04078621;57,46132868;0,450108946;63,93100456;1
Costa Rica;CR;2011;36,26103107;54,57846566;0,504207119;41,05956904;0
Costa Rica;CR;2012;95,47135766;62,48564828;0,029571365;89,41162667;0
Costa Rica;CR;2013;64,7312168;69,66104693;0,358142934;91,47295798;1
Costa Rica;CR;2014;NA;76,42661133;0,743157259;14,29530937;0
Costa Rica;CR;2015;97,80274126;88,02237953;0,59997403;28,62756227;0
Costa Rica;CR;2016;12,85036152;15,08825039;0,219684861;24,51865591;1
Croatia;HR;2000;2,26721801;72,32319517;0,957382595;64,10127918;0
Croatia;HR;2007;9,697947771;12,10409191;0,348242497;84,24723475;1
Croatia;HR;2009;37,56263278;7,548491116;0,287966327;71,82628304;0
Croatia;HR;2010;23,3196341;6,566829809;0,971110365;2,448541446;0
Croatia;HR;2011;NA;38,31581325;0,932162013;35,98995517;0
Croatia;HR;2012;92,56309416;31,97187413;0,71059873;64,11589367;1
Croatia;HR;2013;91,37050367;92,08135328;0,271800475;39,0155286;1
Croatia;HR;2014;55,67671359;88,7211831;0,492404338;27,05710948;1
Croatia;HR;2015;60,73448965;24,6861435;0,858804911;96,91677845;1
Croatia;HR;2016;99,69805018;10,39712835;0,137786743;29,32117475;1
Czech Republic;CZ;2000;51,42592073;6,358408084;0,474791011;87,22895098;1
Czech Republic;CZ;2001;12,43946104;70,82454701;0,145553906;94,31383331;1
Czech Republic;CZ;2002;87,67776118;39,04538638;0,640800801;52,43177807;0
Czech Republic;CZ;2003;24,79888688;83,72459966;0,067201832;49,04255873;1
Czech Republic;CZ;2004;85,01415589;79,57242792;0,149751197;10,17317217;0
Czech Republic;CZ;2005;52,50602227;77,85337487;0,634668989;28,38805478;1
Czech Republic;CZ;2006;34,35216589;90,67498682;0,467962722;31,42706004;1
Czech Republic;CZ;2007;2,009547285;94,20157934;0,137899484;54,50486198;0
Czech Republic;CZ;2008;15,68358158;7,052678907;0,756600988;85,56028223;1
Czech Republic;CZ;2009;17,412019;21,30054815;0,604166796;60,88329455;1
Czech Republic;CZ;2010;38,59650476;39,78866566;0,308164288;87,19794455;0
Czech Republic;CZ;2011;81,60768102;53,52236966;0,122970506;14,74874243;1
Czech Republic;CZ;2012;3,357119545;60,19592261;0,126661546;32,74613365;1
Czech Republic;CZ;2013;NA;93,63369202;0,989243807;30,22113697;1
Czech Republic;CZ;2014;63,33607365;86,04619538;0,491868004;76,28183197;0
Czech Republic;CZ;2015;98,75178121;50,34035409;0,849068542;49,35900922;1
Czech Republic;CZ;2016;NA;67,65958671;0,836586768;96,35513405;0
Denmark;DK;2000;18,12778571;3,188905232;0,374222208;1,094273539;0
Denmark;DK;2001;46,96784257;84,95766521;0,602342243;6,293054485;0
Denmark;DK;2002;NA;13,69013981;0,212326954;67,66554613;1
Denmark;DK;2003;72,30152964;3,636769038;0,449004642;10,12225645;0
Denmark;DK;2004;63,74878388;10,32685903;0,529612357;83,57409992;0
Denmark;DK;2005;15,27808273;16,79029276;0,908458861;61,62662915;1
Denmark;DK;2006;53,02411188;60,82104817;0,513154977;60,20785315;0
Denmark;DK;2007;41,64086595;47,90602685;0,12247812;7,132293206;0
Denmark;DK;2008;26,06201169;66,95481082;0,673129846;11,3948255;0
Denmark;DK;2009;87,03502703;67,5576839;0,279831251;77,82927101;0
Denmark;DK;2010;51,09891841;65,79046607;0,164765388;96,14706752;1
Denmark;DK;2011;92,62561967;93,90052905;0,908781377;13,20269387;0
Denmark;DK;2012;38,89333381;73,26050086;0,715252898;97,19668577;1
Denmark;DK;2013;50,22252048;48,540114;0,904525671;22,5881178;1
Denmark;DK;2014;3,391120116;43,08468203;0,783031922;24,56079005;1
Denmark;DK;2015;39,26699147;26,76552211;0,391415019;65,53500382;1
Denmark;DK;2016;18,3699067;16,78918933;0,837423299;40,25545649;0
Dominican Republic;DO;2000;87,57869185;33,86491013;0,941957658;47,27915948;1
Dominican Republic;DO;2001;4,574513806;40,33536009;0,94886335;44,06064525;1
Dominican Republic;DO;2002;29,65220105;83,69095519;0,133200862;10,79399229;1
Dominican Republic;DO;2003;NA;5,315390045;0,020657611;92,41418818;0
Dominican Republic;DO;2004;64,33225483;98,18442614;0,513156945;27,59361863;1
Dominican Republic;DO;2005;37,74337007;59,40486108;0,922983382;81,85106703;1
Dominican Republic;DO;2006;69,97125125;13,75034972;0,412611779;98,47639551;1
Dominican Republic;DO;2007;68,80291063;30,93036528;0,328358587;93,71450305;0
Dominican Republic;DO;2008;45,72303203;23,0640669;0,655242558;84,3234995;0
Dominican Republic;DO;2009;37,34403684;83,53938636;0,83856161;81,8049295;0
Dominican Republic;DO;2010;NA;23,15167185;0,914007414;6,076188554;0
Dominican Republic;DO;2011;21,72675736;69,0203575;0,850125624;69,60246385;1
Dominican Republic;DO;2012;7,022420655;11,72641458;0,004592542;56,15529047;1
Dominican Republic;DO;2013;37,30631598;3,904495899;0,357875036;13,26090202;1
Dominican Republic;DO;2014;16,715481;68,91215683;0,862830132;94,46917252;0
Dominican Republic;DO;2015;26,64990104;63,42885028;0,918355644;13,71990761;1
Dominican Republic;DO;2016;NA;90,50723877;0,188443801;16,1298431;0
Ecuador;EC;2000;98,53585073;11,48060169;0,809544607;57,57270492;1
Ecuador;EC;2001;67,77805433;85,61571159;0,227939027;74,39780814;0
Ecuador;EC;2002;24,88331757;98,85253036;0,815797309;76,36168364;0
Ecuador;EC;2003;39,317487;78,24487103;0,177932772;0,511740072;1
Ecuador;EC;2004;NA;85,12396608;0,871910094;34,13544274;0
Ecuador;EC;2005;50,60858043;54,1850601;0,621309625;21,46346189;1
Ecuador;EC;2006;3,616563426;97,74838369;0,729531636;25,12152838;1
Ecuador;EC;2007;99,89078541;80,91276547;0,066487059;3,808757943;1
Ecuador;EC;2008;19,11935409;59,68488047;0,138970533;57,23923397;1
Ecuador;EC;2009;38,2944097;72,21991482;0,707370898;55,90021396;1
Ecuador;EC;2010;85,60530767;72,63524346;0,159527467;14,93614895;1
Ecuador;EC;2011;93,30568665;58,67174211;0,272350827;74,21136453;1
Ecuador;EC;2012;53,27977031;21,31364532;0,083023125;82,31542656;0
Ecuador;EC;2013;17,43769637;75,92405822;0,599483454;14,79883966;0
Ecuador;EC;2014;46,31320985;73,31344902;0,791565465;10,2319652;0
Ecuador;EC;2015;2,452008681;13,46320614;0,566728755;1,944065444;1
Ecuador;EC;2016;NA;77,1160757;0,207352992;99,27441699;1
Egypt;EG;2000;37,96542162;25,64444124;0,986226237;82,23140698;1
Egypt;EG;2001;82,51586475;90,14750065;0,798148422;26,72959416;1
Egypt;EG;2002;96,5528927;65,43535908;0,875647391;95,62063858;0
Egypt;EG;2003;45,67455382;52,93006676;0,225450085;92,01513002;0
Egypt;EG;2004;81,3693246;62,08302916;0,642970388;72,79615502;0
Egypt;EG;2005;22,56610221;13,37678845;0,606404651;94,47858346;0
Egypt;EG;2006;92,41465683;23,83491863;0,280892319;93,49576556;1
Egypt;EG;2007;68,88884703;65,84313698;0,634954786;38,51837739;1
Egypt;EG;2008;39,54719301;75,00865651;0,415358191;42,24525966;1
Egypt;EG;2009;84,5657899;70,4213542;0,280054805;44,87018665;0
Egypt;EG;2010;5,272267557;28,59438454;0,738128013;50,56582527;0
Egypt;EG;2011;64,22078394;84,2471585;0,126306895;2,602083955;1
Egypt;EG;2012;28,27545079;66,4068636;0,779960483;89,8553692;1
Egypt;EG;2013;NA;6,289197223;0,134571013;7,886712034;1
Egypt;EG;2014;59,34215864;14,77547834;0,404148579;85,3124241;0
Egypt;EG;2015;88,95700926;66,45167591;0,710030038;15,74786609;1
Egypt;EG;2016;77,54800104;44,28477235;0,805044138;42,83142259;0
El Salvador;SV;2000;91,93689373;19,76809883;0,470051746;18,48033766;1
El Salvador;SV;2001;84,10759343;99,81523217;0,345321116;2,100934592;1
El Salvador;SV;2002;0,541530656;94,24223384;0,172103781;18,06306221;1
El Salvador;SV;2003;36,48409579;71,70633758;0,395620191;54,03463459;0
El Salvador;SV;2004;58,36043054;18,18043364;0,161339125;40,04265075;1
El Salvador;SV;2005;5,171449505;76,76133454;0,26886018;5,176221791;0
El Salvador;SV;2006;76,85520077;55,96495864;0,404312477;65,41508826;1
El Salvador;SV;2007;69,13888607;40,12305898;0,322299812;68,70491209;0
El Salvador;SV;2008;NA;18,59881173;0,247472529;99,40228407;0
El Salvador;SV;2009;1,410833843;87,50985454;0,711124945;20,6153126;1
El Salvador;SV;2010;62,30947456;96,03846035;0,375462616;27,46831938;1
El Salvador;SV;2011;39,29463894;68,95966691;0,098665826;91,00703644;1
El Salvador;SV;2012;49,12860304;35,89949888;0,883914129;45,64926691;1
El Salvador;SV;2013;74,26482748;70,05662439;0,219308203;23,25569733;0
El Salvador;SV;2014;87,28194758;18,15656693;0,500984299;2,692558383;1
El Salvador;SV;2015;78,72529336;75,21609356;0,782822001;26,63280355;1
El Salvador;SV;2016;NA;86,72123917;0,853740825;46,6099592;1
Estonia;EE;2000;60,83949953;70,51490525;0,659064094;77,87023016;1
Estonia;EE;2001;62,3802775;65,84262865;0,240972347;41,47519554;1
Estonia;EE;2002;8,126867178;1,809164851;0,576061518;71,32303421;1
Estonia;EE;2003;44,21108215;49,60452074;0,532657232;43,48624588;1
Estonia;EE;2004;89,55139286;35,36974542;0,022221905;15,26701786;0
Estonia;EE;2005;69,52547228;62,97918687;0,58940456;67,76989663;0
Estonia;EE;2006;82,94484847;0,429691199;0,12130061;49,89907645;0
Estonia;EE;2007;34,70349768;64,69170848;0,09966671;22,18850107;0
Estonia;EE;2008;NA;35,78272215;0,561750952;13,59841518;1
Estonia;EE;2009;19,76806342;71,14153708;0,494791405;50,26834652;1
Estonia;EE;2010;4,327321893;81,43883815;0,387639815;19,48856024;0
Estonia;EE;2011;93,91471013;71,54443417;0,25688732;55,79782358;1
Estonia;EE;2012;NA;73,53647071;0,295506184;70,81207745;0
Estonia;EE;2013;2,956229214;95,7831689;0,033160868;53,73254616;1
Estonia;EE;2014;74,24224441;37,1874587;0,212328652;80,32787683;0
Estonia;EE;2015;90,50132365;47,59262572;0,042305673;14,71670868;1
Estonia;EE;2016;86,97780172;44,07275874;0,262168555;24,04813745;0
Fiji;FJ;2000;86,2036445;14,44390122;0,056663885;91,05311356;1
Fiji;FJ;2007;77,11631963;72,74088035;0,105497575;12,70730946;0
Fiji;FJ;2009;40,8798696;24,73280517;0,610662208;0,021257821;0
Fiji;FJ;2010;14,93679427;20,25334685;0,514515504;96,67090267;1
Fiji;FJ;2011;90,56141886;51,90726451;0,942478703;61,04916643;1
Fiji;FJ;2012;NA;80,20949161;0,481141997;20,79443646;0
Fiji;FJ;2013;67,332078;21,00110202;0,1839213;77,37474152;0
Fiji;FJ;2014;38,16052292;47,33392849;0,999541365;54,86019248;0
Fiji;FJ;2015;99,14073477;23,89166418;0,127261904;18,37711775;0
Fiji;FJ;2016;NA;33,23870166;0,522395653;48,14061392;1
Finland;FI;2000;64,05238123;59,692426;0,361651973;2,28454827;1
Finland;FI;2001;91,34468399;73,63678507;0,10973032;26,3177807;1
Finland;FI;2002;60,73650333;9,973026742;0,473137217;84,1445904;0
Finland;FI;2003;41,91793667;46,01269892;0,021361677;86,02072374;0
Finland;FI;2004;3,74728059;86,07124389;0,101698948;42,94137183;1
Finland;FI;2005;49,66457374;46,6558498;0,371739854;39,24085042;0
Finland;FI;2006;80,44827761;38,78489509;0,392707478;6,469382485;1
Finland;FI;2007;14,21548142;99,23670338;0,044636079;93,56776579;0
Finland;FI;2008;12,65635034;99,63973902;0,703835331;27,1118943;1
Finland;FI;2009;58,34229627;13,67345062;0,835502848;74,91644413;1
Finland;FI;2010;98,56064777;45,29504233;0,047140718;29,16082204;0
Finland;FI;2011;8,016721037;14,54000709;0,56503004;28,21839008;0
Finland;FI;2012;16,05344275;48,1977905;0,522602395;34,70516272;1
Finland;FI;2013;69,09496222;28,70312176;0,932186939;40,90924953;0
Finland;FI;2014;83,20171568;93,87369223;0,830510168;7,838617293;0
Finland;FI;2015;NA;66,22594947;0,250528088;98,04727826;0
Finland;FI;2016;45,9081228;27,74810011;0,060542692;29,15475206;1
France;FR;2000;16,04321715;14,84373013;0,589777809;33,7129832;1
France;FR;2001;7,517976725;92,89271564;0,014436556;54,74733873;1
France;FR;2002;85,53013719;77,79554744;0,080006871;82,71715013;1
France;FR;2003;22,99601916;43,96733358;0,361056958;38,08794906;1
France;FR;2004;38,31244016;74,96568756;0,571727205;21,21767809;0
France;FR;2005;53,44082613;83,14023136;0,265903136;90,95231338;1
France;FR;2006;85,48536812;44,34892794;0,635917581;82,72597339;0
France;FR;2007;NA;79,89831031;0,742832109;50,00691142;1
France;FR;2008;6,159247099;96,42037187;0,35371997;54,29792959;1
France;FR;2009;33,41325174;79,6268093;0,104024094;79,62511689;1
France;FR;2010;33,95758045;17,31862874;0,104934006;27,41773191;0
France;FR;2011;54,50154922;0,85896988;0,588109101;82,10583161;1
France;FR;2012;18,42861224;82,42340682;0,278481946;69,67146914;0
France;FR;2013;39,09821449;9,483237693;0,797675234;3,566269157;0
France;FR;2014;61,06688063;3,159345289;0,375978665;59,20267513;0
France;FR;2015;43,14524302;95,58458341;0,063623762;29,89159978;0
France;FR;2016;12,61085528;98,00626854;0,139911423;99,3540698;0
Georgia;GE;2000;8,782738894;60,40841907;0,085875131;65,36074132;1
Georgia;GE;2001;NA;76,59105557;0,873498715;94,071922;1
Georgia;GE;2002;80,44788426;9,8672786;0,645241383;43,07824691;0
Georgia;GE;2003;24,70912087;64,09093907;0,720094618;5,684721271;1
Georgia;GE;2004;96,91003386;28,85471201;0,81586901;81,85125369;0
Georgia;GE;2005;43,11634904;88,11861838;0,449766849;61,27707109;1
Georgia;GE;2006;23,71442135;80,9565383;0,005604539;49,28845812;1
Georgia;GE;2007;NA;6,5628783;0,109304781;88,11080854;1
Georgia;GE;2008;54,4071794;27,31341551;0,019136468;69,44495692;0
Georgia;GE;2009;5,399660658;17,82486476;0,927717691;92,74825828;1
Georgia;GE;2010;9,730689168;91,41074585;0,243561471;17,16347529;1
Georgia;GE;2011;22,77193568;49,76813368;0,842392288;25,91662227;1
Georgia;GE;2012;68,54758431;39,86629588;0,27403402;12,83270952;1
Georgia;GE;2013;50,20570703;92,49363904;0,49436346;10,87654169;1
Georgia;GE;2014;67,62618068;81,25273244;0,485603369;74,18382064;1
Georgia;GE;2015;18,08282128;55,10736133;0,615836973;34,93220138;1
Georgia;GE;2016;45,54201205;91,75319425;0,989136497;3,805458634;1
Germany;DE;2000;49,69217427;96,89166816;0,818050561;36,08894585;0
Germany;DE;2001;52,98745749;6,074622655;0,637771947;38,66890344;1
Germany;DE;2002;22,02928345;74,67486899;0,824234104;43,48425331;0
Germany;DE;2003;79,14197682;76,90395829;0,362391253;60,2066375;1
Germany;DE;2004;69,90250536;55,13001863;0,55831051;91,85658691;0
Germany;DE;2005;51,55214221;93,93980939;0,62222873;23,69119895;1
Germany;DE;2006;27,30357062;33,80609479;0,197779894;75,80680949;1
Germany;DE;2007;66,84752565;4,096629736;0,302272734;54,70784695;0
Germany;DE;2008;24,57311478;26,61362092;0,92492368;81,10513009;1
Germany;DE;2009;67,86694088;61,35655513;0,060289581;69,67366274;0
Germany;DE;2010;57,53189416;77,61918195;0,83472197;31,90577982;1
Germany;DE;2011;42,0737255;4,0358986;0,549744691;45,03214794;0
Germany;DE;2012;84,47832219;60,45080619;0,164380901;33,34869869;1
Germany;DE;2013;40,15068611;12,64408437;0,240325971;66,39887546;0
Germany;DE;2014;78,7540649;91,20561766;0,870649919;53,30032205;0
Germany;DE;2015;11,4823748;40,82458789;0,105118087;70,3632021;1
Germany;DE;2016;13,32069461;62,31801701;0,949260842;33,98668677;1
Greece;GR;2000;72,30095174;1,868898477;0,0014897;93,85555837;1
Greece;GR;2007;14,33265745;61,98851325;0,532705893;81,01781157;0
Greece;GR;2009;42,78685685;17,639367;0,367573206;29,69987874;1
Greece;GR;2010;19,56392106;37,93814127;0,862966445;93,30449998;1
Greece;GR;2011;88,36520261;39,4016847;0,889473388;93,29976964;0
Greece;GR;2012;6,412972984;37,52977442;0,303093397;9,984925398;1
Greece;GR;2013;71,33391447;25,32449132;0,236336459;27,20507211;0
Greece;GR;2014;31,13052503;44,98973719;0,616210789;75,17731675;1
Greece;GR;2015;57,79870521;16,43641572;0,298786798;16,84163539;1
Greece;GR;2016;68,68970254;3,129318627;0,237678931;72,23463263;1
Guatemala;GT;2000;19,41897933;92,90036966;0,975642079;16,25378317;1
Guatemala;GT;2001;86,18264009;48,85186794;0,384305356;97,51888858;1
Guatemala;GT;2002;NA;77,80030402;0,437184158;32,56479931;1
Guatemala;GT;2003;95,65192738;84,79887627;0,602495413;47,02670031;0
Guatemala;GT;2004;9,875405468;73,45741329;0,683438401;56,94020248;0
Guatemala;GT;2005;89,79241419;48,72969461;0,180239455;13,69167732;0
Guatemala;GT;2006;34,92453284;12,03692986;0,228885276;4,496807346;1
Guatemala;GT;2007;52,64435616;25,18601955;0,866737509;56,91146022;1
Guatemala;GT;2008;37,36471406;20,2457497;0,611835126;90,58035569;1
Guatemala;GT;2009;20,56479624;69,76970951;0,287892386;98,90103757;0
Guatemala;GT;2010;59,89010625;66,60174631;0,588197337;33,71838536;0
Guatemala;GT;2011;81,07421778;82,60254925;0,728445591;99,89407832;0
Guatemala;GT;2012;89,18235013;40,22932103;0,149007245;35,97462457;0
Guatemala;GT;2013;NA;76,56340304;0,96243809;63,66362949;1
Guatemala;GT;2014;70,41681397;41,54527105;0,865635757;11,3438999;0
Guatemala;GT;2015;91,87507212;32,94753163;0,624755161;75,55887116;0
Guatemala;GT;2016;55,77341844;24,8175667;0,601794207;40,5493148;0
Honduras;HN;2000;97,40357503;18,50397913;0,623292831;3,010628349;0
Honduras;HN;2001;30,36141338;41,1909567;0,385750727;47,75434889;1
Honduras;HN;2002;31,3750867;41,28381057;0,683486975;31,52579238;0
Honduras;HN;2003;62,60814109;63,99250133;0,945509112;35,45216884;0
Honduras;HN;2004;46,2260625;71,77939926;0,750712563;74,47005283;0
Honduras;HN;2005;71,88192275;80,40174891;0,254339346;3,021446182;0
Honduras;HN;2006;94,61746226;85,98691482;0,394474137;58,64626504;1
Honduras;HN;2007;17,42708255;90,67988223;0,999358548;0,790518622;1
Honduras;HN;2008;94,67931813;8,15750347;0,773594603;1,815434484;1
Honduras;HN;2009;87,49047916;75,74109803;0,014896407;22,78611917;1
Honduras;HN;2010;14,45712957;54,19487298;0,744883714;19,42520463;1
Honduras;HN;2011;96,34112915;63,38276534;0,586460051;89,26860885;0
Honduras;HN;2012;40,40428239;48,09895903;0,951567722;4,561343365;1
Honduras;HN;2013;89,91556141;75,55479501;0,974702442;46,47162508;0
Honduras;HN;2014;63,27546108;61,05489852;0,038087973;28,49604386;0
Honduras;HN;2015;65,62455898;89,46173588;0,633184074;41,22801548;0
Honduras;HN;2016;NA;30,51048874;0,543414456;96,35586291;0
Hong Kong;HK;2000;60,95820699;39,99827458;0,546491929;53,39137415;1
Hong Kong;HK;2001;79,55990406;22,63641797;0,957250893;56,8299719;1
Hong Kong;HK;2002;26,60261264;57,70208339;0,958575371;56,83767884;1
Hong Kong;HK;2003;20,4480096;26,87162749;0,022474067;47,15482101;1
Hong Kong;HK;2004;36,26717425;88,5662988;0,50597772;98,2497463;1
Hong Kong;HK;2005;38,86709266;66,3821152;0,005288561;11,01110744;0
Hong Kong;HK;2006;5,751016629;52,00807596;0,667946696;55,14268936;1
Hong Kong;HK;2007;95,3869422;33,58430329;0,425156946;49,09711331;0
Hong Kong;HK;2008;55,76907796;1,841331805;0,636370697;94,75806997;1
Hong Kong;HK;2009;65,20669404;56,53175583;0,026349674;83,60080324;0
Hong Kong;HK;2010;5,837899093;23,81243074;0,102171378;10,21733033;1
Hong Kong;HK;2011;59,44264348;88,24968335;0,402669109;14,61449995;0
Hong Kong;HK;2012;91,1202616;72,13279269;0,824388978;61,81701814;1
Hong Kong;HK;2013;72,06864001;99,9752602;0,8987325;71,79048276;1
Hong Kong;HK;2014;78,19406188;17,19190901;0,974058006;29,15027962;1
Hong Kong;HK;2015;53,14429763;40,48751825;0,435786285;86,47369533;0
Hong Kong;HK;2016;11,8065116;56,82717513;0,574208178;31,20630278;1
Hungary;HU;2000;46,56123342;78,88548643;0,091527258;96,00845547;1
Hungary;HU;2007;32,02325822;71,92101416;0,783914889;43,00838604;0
Hungary;HU;2009;68,11853215;90,6702043;0,189298006;68,12434365;1
Hungary;HU;2010;2,977085305;70,90734646;0,266500341;3,012420765;0
Hungary;HU;2011;87,61885083;85,82792726;0,087552058;98,76736499;0
Hungary;HU;2012;16,36816278;50,53676046;0,713243003;91,69502386;1
Hungary;HU;2013;21,6113962;35,26000592;0,077070528;44,5869007;0
Hungary;HU;2014;64,12232311;24,09555477;0,027592318;29,02747156;0
Hungary;HU;2015;55,20143824;97,75764247;0,341390721;65,01525565;0
Hungary;HU;2016;18,76954632;49,7989717;0,740361978;10,43262363;0
India;IN;2000;73,43354122;81,97421618;0,249915017;92,19123837;0
India;IN;2001;NA;97,43111383;0,625125112;22,69430601;1
India;IN;2002;76,7009798;38,48722718;0,600162097;42,52860231;1
India;IN;2003;37,13511482;85,3827019;0,522396266;98,64546962;0
India;IN;2004;93,94991929;8,480731424;0,598888291;68,12636336;0
India;IN;2005;81,60241759;78,94610578;0,637885068;19,65993479;0
India;IN;2006;26,87379706;34,81847877;0,653119106;38,02466899;1
India;IN;2007;32,33572793;86,37197857;0,458184211;77,26481674;1
India;IN;2008;41,84665592;54,23422108;0,543452649;58,15659535;0
India;IN;2009;32,02411244;16,27665991;0,266300906;71,74882101;1
India;IN;2010;51,96360394;21,28837752;0,813931093;21,10834428;1
India;IN;2011;34,2983393;38,84442576;0,216427843;84,81693271;0
India;IN;2012;5,662028426;91,25055072;0,961854343;13,50671968;0
India;IN;2013;7,803106768;57,69873776;0,505927496;48,10381634;1
India;IN;2014;61,66814211;75,53334631;0,31689346;61,92150686;1
India;IN;2015;90,29235211;26,72880134;0,977989623;3,48691812;1
India;IN;2016;19,24075814;70,13350247;0,601865888;15,94910496;1
Indonesia;ID;2000;59,36176803;41,47740526;0,232574534;40,51700748;1
Indonesia;ID;2001;46,06657171;22,92201634;0,439594923;17,06337453;1
Indonesia;ID;2002;34,82777649;16,45203362;0,087465988;57,23356294;0
Indonesia;ID;2003;4,833915062;45,04544171;0,689407947;23,83977117;0
Indonesia;ID;2004;NA;79,27639019;0,093246661;31,27954721;1
Indonesia;ID;2005;82,7383946;27,1977637;0,081450844;99,81394637;0
Indonesia;ID;2006;59,96938367;92,22745524;0,446473806;29,07052956;0
Indonesia;ID;2007;11,12792752;50,54739279;0,823597947;33,33825047;0
Indonesia;ID;2008;7,236774266;17,57788405;0,585512606;94,2541551;1
Indonesia;ID;2009;45,02494668;30,57610278;0,725180392;55,60478769;1
Indonesia;ID;2010;24,00714208;52,61681008;0,283176184;84,18632835;1
Indonesia;ID;2011;81,61165684;73,35474219;0,340262787;27,06497324;0
Indonesia;ID;2012;63,45841166;97,8328313;0,956705278;53,24702007;1
Indonesia;ID;2013;14,01002528;56,94444318;0,802310713;55,69355317;0
Indonesia;ID;2014;73,39359569;86,37570826;0,891954516;51,54434449;1
Indonesia;ID;2015;86,4289188;11,8576512;0,828004866;88,83619556;0
Indonesia;ID;2016;85,2505514;33,82961437;0,106131076;60,7691716;0
Ireland;IE;2000;81,08107312;92,55136278;0,211531159;70,2697166;1
Ireland;IE;2001;71,60268678;32,20678284;0,370295082;1,307499911;1
Ireland;IE;2002;20,1603119;45,41395977;0,398397079;29,09190415;1
Ireland;IE;2003;1,610815221;28,17659531;0,60734417;48,57934447;0
Ireland;IE;2004;68,15859118;82,36820949;0,905585677;70,52984603;0
Ireland;IE;2005;93,97604854;75,7973382;0,905977968;61,70955268;0
Ireland;IE;2006;14,7884542;69,31013653;0,861562106;16,36954961;1
Ireland;IE;2007;14,22378928;96,77548501;0,905775009;80,62007211;0
Ireland;IE;2008;46,43548956;95,81579098;0,607735513;5,185410223;1
Ireland;IE;2009;4,690176227;55,94756066;0,514236728;82,0106801;1
Ireland;IE;2010;NA;68,0860909;0,945973849;35,87179537;0
Ireland;IE;2011;85,88084059;22,100808;0,91338006;47,55147007;1
Ireland;IE;2012;42,6898455;20,59817242;0,986164218;25,76925253;0
Ireland;IE;2013;16,63647135;31,64255054;0,52025589;80,73527845;1
Ireland;IE;2014;95,70529461;72,73854323;0,131862229;58,56057828;1
Ireland;IE;2015;64,75754177;32,56465895;0,51447519;42,59557276;1
Ireland;IE;2016;49,47265259;26,92990051;0,252960609;61,87930697;1
Israel;IL;2000;17,89641335;90,66369328;0,233115529;34,05605449;1
Israel;IL;2001;70,6957607;62,18990856;0,216390619;28,22605108;0
Israel;IL;2002;38,23047128;31,22203464;0,484208795;38,17614511;0
Israel;IL;2003;26,73185524;86,67996664;0,995511768;18,13026175;1
Israel;IL;2004;3,006181847;8,040127598;0,386458655;81,32607448;1
Israel;IL;2005;60,74327248;8,542260498;0,379165069;11,09417678;0
Israel;IL;2006;23,79336468;60,5004838;0,139759867;25,94755728;0
Israel;IL;2007;58,11043018;58,74544921;0,275312004;98,95382311;0
Israel;IL;2008;NA;36,35569096;0,553225185;7,625729249;0
Israel;IL;2009;91,44861305;56,87914261;0,21589991;78,68626213;1
Israel;IL;2010;18,85857132;93,57551528;0,926675377;35,71077955;0
Israel;IL;2011;49,58332338;22,84681185;0,070774115;39,16969009;0
Israel;IL;2012;16,24352118;33,77027597;0,517191662;78,57179069;1
Israel;IL;2013;92,66629925;44,47703743;0,876500652;40,30579861;1
Israel;IL;2014;43,80386615;65,30569325;0,313302019;53,81427123;0
Israel;IL;2015;63,14899425;69,24333837;0,93380792;5,248522331;0
Israel;IL;2016;70,09647678;53,24736129;0,687124072;13,53713928;0
Italy;IT;2000;68,73418626;82,96818657;0,791888523;81,7170213;1
Italy;IT;2001;22,50497998;11,77678679;0,269208064;16,33537513;0
Italy;IT;2002;96,22206477;18,58529252;0,105027193;45,81209542;1
Italy;IT;2003;1,669938438;78,46218671;0,282659585;84,34260779;0
Italy;IT;2004;19,68417548;95,76419698;0,812050827;64,72607568;1
Italy;IT;2005;18,99060949;78,03491431;0,365621973;57,15622804;0
Italy;IT;2006;75,02157802;36,81598089;0,836139556;8,997162621;0
Italy;IT;2007;NA;29,09323919;0,884565453;7,708714503;1
Italy;IT;2008;67,82599601;77,7371861;0,775906626;71,1851596;1
Italy;IT;2009;15,26678332;96,21369884;0,118303616;8,134524844;1
Italy;IT;2010;93,93488001;19,96484832;0,986384121;49,31754843;0
Italy;IT;2011;50,06789096;57,74127663;0,613300667;52,78009147;0
Italy;IT;2012;10,76715131;77,1490912;0,533029653;6,046879812;1
Italy;IT;2013;37,59731741;68,22270105;0,881315603;71,92374124;0
Italy;IT;2014;46,1809233;40,42473465;0,399221623;98,18883503;0
Italy;IT;2015;67,35967688;17,40041429;0,197873021;18,07591857;0
Italy;IT;2016;85,69420768;15,77532284;0,169393779;49,70021088;0
Japan;JP;2000;32,164986;25,79673729;0,233335708;40,6540758;0
Japan;JP;2001;63,78419952;75,98242;0,337711163;62,42687068;0
Japan;JP;2002;46,0992715;64,78307945;0,076461343;85,5083587;0
Japan;JP;2003;17,266781;61,57085411;0,976215449;5,825510002;1
Japan;JP;2004;68,77185877;17,2555129;0,419842336;27,79366059;1
Japan;JP;2005;76,62884765;49,23373645;0,682728966;50,48499992;0
Japan;JP;2006;12,07175254;33,61102766;0,581623644;65,50844776;0
Japan;JP;2007;87,59340631;16,60421791;0,334686128;27,39224036;1
Japan;JP;2008;NA;63,76474703;0,68850306;68,70458245;1
Japan;JP;2009;2,859454725;26,54751394;0,463256924;4,846793341;0
Japan;JP;2010;96,98678261;19,65033441;0,240568021;56,26190594;0
Japan;JP;2011;67,06515192;97,56883148;0,443290041;18,05140851;0
Japan;JP;2012;99,49315924;92,71737551;0,324112894;40,46834321;1
Japan;JP;2013;5,268169146;6,715359113;0,772365819;70,11407615;1
Japan;JP;2014;47,53520019;0,765703067;0,917062572;3,273419343;1
Japan;JP;2015;95,74544447;1,875560778;0,384967182;99,80152217;1
Japan;JP;2016;52,34766708;76,51453636;0,915619823;52,34793018;1
Jordan;JO;2000;92,83718184;55,57910117;0,090515227;12,87300169;0
Jordan;JO;2001;68,06374495;32,77556505;0,220116585;72,05703435;1
Jordan;JO;2002;34,23451673;61,94459722;0,005112819;80,29043565;1
Jordan;JO;2003;83,11610582;46,27485473;0,295273977;60,43054393;0
Jordan;JO;2004;20,42163986;40,6236182;0,114234119;21,04015747;1
Jordan;JO;2005;26,47307696;56,19858735;0,826695702;58,58147521;1
Jordan;JO;2006;66,89070204;3,140373352;0,127312244;24,40502247;1
Jordan;JO;2007;27,75151207;47,89452672;0,148006037;31,55793647;1
Jordan;JO;2008;95,94533028;87,85727829;0,830243831;88,74214526;0
Jordan;JO;2009;93,05252885;10,82902371;0,4920372;98,17643694;0
Jordan;JO;2010;74,06042992;55,87242233;0,107461767;16,78388814;1
Jordan;JO;2011;26,97568652;93,29704856;0,859405809;53,26824571;0
Jordan;JO;2012;32,42590545;92,28617165;0,136070569;16,10301273;0
Jordan;JO;2013;22,6417781;58,84104859;0,64449845;30,56442527;0
Jordan;JO;2014;99,70673319;59,06861481;0,594747853;23,91902682;1
Jordan;JO;2015;NA;66,28582098;0,287785009;5,379872909;0
Jordan;JO;2016;11,34642293;17,74038301;0,69634435;16,01349534;0
Korea;KR;2000;3,583402133;21,65288396;0,611075639;64,43223484;0
Korea;KR;2001;91,15306316;38,79012316;0,145018212;1,155480729;0
Korea;KR;2002;14,05676937;52,66014802;0,493718973;62,90838072;1
Korea;KR;2003;31,8911574;50,22977517;0,134019661;16,14582362;1
Korea;KR;2004;95,33009732;41,16544885;0,16668713;1,326568466;1
Korea;KR;2005;49,16242562;82,61541779;0,29638527;19,30283252;1
Korea;KR;2006;97,0457142;27,06056954;0,17485917;6,012391961;0
Korea;KR;2007;8,569853313;82,29696443;0,037629384;62,25998607;0
Korea;KR;2008;57,21630432;94,30477187;0,230138657;25,38452879;1
Korea;KR;2009;51,78573233;1,584836983;0,398808873;81,97478057;1
Korea;KR;2010;18,2770167;34,6189067;0,579813837;24,47308914;1
Korea;KR;2011;25,9483033;16,8023128;0,860816151;6,629703133;0
Korea;KR;2012;65,67711023;29,52961744;0,880918649;42,95008581;0
Korea;KR;2013;20,77940108;23,15978309;0,635826702;93,05870176;0
Korea;KR;2014;96,76451105;64,25932493;0,328483428;43,41112504;1
Korea;KR;2015;13,58043602;56,64421091;0,950531717;79,07064646;1
Korea;KR;2016;54,76472286;68,54312037;0,018194696;80,06039347;0
Kuwait;KW;2000;NA;34,14703655;0,059697832;3,720156969;1
Kuwait;KW;2001;60,43170321;78,97273013;0,357760939;12,1859694;0
Kuwait;KW;2002;57,55565196;31,32261032;0,41298339;31,33342153;0
Kuwait;KW;2003;23,5546465;41,83531659;0,245832251;57,03478974;0
Kuwait;KW;2004;80,6013694;13,25677475;0,89414939;29,55598432;0
Kuwait;KW;2005;68,26977224;65,52052301;0,017078242;42,72003422;0
Kuwait;KW;2006;75,55132908;81,25647185;0,018142249;54,63592415;0
Kuwait;KW;2007;84,17771967;99,00857448;0,941833009;33,16020176;0
Kuwait;KW;2008;95,94314622;54,79644403;0,22561848;27,64340332;0
Kuwait;KW;2009;91,49466431;23,62483723;0,892527142;49,69878347;1
Kuwait;KW;2010;57,89825109;70,71450829;0,884553957;39,84153791;1
Kuwait;KW;2011;80,06329697;56,26664778;0,337068922;83,7336189;0
Kuwait;KW;2012;4,636568759;56,93867093;0,357986205;87,29878295;1
Kuwait;KW;2013;74,33020387;19,18067012;0,564166155;47,51279506;1
Kuwait;KW;2014;3,237775109;95,69734023;0,485439077;78,28732083;0
Kuwait;KW;2015;20,09246161;93,69262878;0,227393384;83,55227996;0
Kuwait;KW;2016;12,3118452;73,69620723;0,032185938;77,22359592;0
Latvia;LV;2000;84,3159028;28,94584193;0,404122713;91,30256334;0
Latvia;LV;2001;50,1358408;64,47625175;0,240152402;7,048184304;0
Latvia;LV;2002;94,06553223;24,60683507;0,934765612;23,95261296;1
Latvia;LV;2003;26,73179069;87,06340158;0,376754077;6,37535144;1
Latvia;LV;2004;90,01631143;16,97147814;0,502357725;4,805491684;1
Latvia;LV;2005;49,229924;79,1349525;0,10591535;18,72073517;1
Latvia;LV;2006;26,82872994;70,87581998;0,40765141;53,82941748;0
Latvia;LV;2007;30,12297487;51,33211799;0,695836199;0,568932183;1
Latvia;LV;2008;86,49732927;70,37540308;0,872523976;18,3457664;0
Latvia;LV;2009;NA;8,357247067;0,462740409;62,5826966;0
Latvia;LV;2010;29,28764287;26,96095044;0,768286156;70,96164468;1
Latvia;LV;2011;63,09575586;98,27290257;0,313496574;71,01359474;1
Latvia;LV;2012;73,42000258;26,3599146;0,469347458;6,558998626;1
Latvia;LV;2013;6,551456308;63,08238505;0,750698756;59,00619576;1
Latvia;LV;2014;69,74870831;61,06522575;0,473705764;62,9042526;0
Latvia;LV;2015;71,1355605;38,55193519;0,376963305;35,0216471;1
Latvia;LV;2016;17,2299498;84,4871076;0,210262582;71,13290637;1
Lebanon;LB;2000;99,50863222;45,57881036;0,746101763;70,88389185;0
Lebanon;LB;2001;90,53578915;56,7723649;0,707570186;33,59518248;1
Lebanon;LB;2002;18,23471939;88,22266049;0,227486343;13,73572393;0
Lebanon;LB;2003;6,177476829;96,94921574;0,467925154;19,22404548;1
Lebanon;LB;2004;41,29837982;91,41895873;0,315687892;16,99826578;0
Lebanon;LB;2005;27,80363805;70,44598656;0,200761193;28,96852879;0
Lebanon;LB;2006;84,46601681;63,75648857;0,017976213;68,05930214;0
Lebanon;LB;2007;3,070062845;5,951254899;0,542983196;28,76708564;1
Lebanon;LB;2008;65,59252174;41,67433049;0,927842758;37,66317432;0
Lebanon;LB;2009;NA;47,40915687;0,269208796;3,518064836;0
Lebanon;LB;2010;45,34458944;52,21167601;0,411841685;13,73922779;1
Lebanon;LB;2011;91,16802501;79,04982361;0,334443445;59,2171677;0
Lebanon;LB;2012;91,12655649;86,30712156;0,848967476;87,44239461;0
Lebanon;LB;2013;48,63262245;92,46525837;0,684999002;47,60483437;0
Lebanon;LB;2014;54,36464457;26,15659389;0,728401726;80,89837466;0
Lebanon;LB;2015;73,74175668;66,95024473;0,97187468;53,40947143;0
Lebanon;LB;2016;25,2485208;55,65646565;0,451618741;83,5455139;0
Lithuania;LT;2000;15,61022989;86,46636119;0,031066661;40,01979325;1
Lithuania;LT;2001;33,39024609;77,32734698;0,801693167;17,97932582;0
Lithuania;LT;2002;12,54234976;93,33144167;0,268723473;74,98827502;1
Lithuania;LT;2003;65,02303198;15,29025634;0,577964429;7,125682556;0
Lithuania;LT;2004;18,7315225;54,59563629;0,610164507;23,15511244;1
Lithuania;LT;2005;80,71613165;30,29591507;0,305248356;17,49369144;0
Lithuania;LT;2006;86,71061039;94,5333134;0,600933872;48,835693;1
Lithuania;LT;2007;8,66033711;40,07231987;0,798934017;35,30380953;1
Lithuania;LT;2008;29,50728025;0,131163764;0,616192569;20,02324254;1
Lithuania;LT;2009;53,08980656;0,109130108;0,371073893;33,35557806;1
Lithuania;LT;2010;NA;16,15106352;0,133759517;77,15380109;1
Lithuania;LT;2011;7,657927721;10,55403031;0,579346008;36,78809453;1
Lithuania;LT;2012;40,63269757;15,81625913;0,451964298;99,56097936;0
Lithuania;LT;2013;73,314525;42,17123145;0,145290745;64,45282591;1
Lithuania;LT;2014;68,65653311;14,13506696;0,119381999;65,67060911;1
Lithuania;LT;2015;78,77933154;65,09904985;0,802696956;18,48940811;0
Lithuania;LT;2016;64,01330697;67,37187418;0,606995685;37,53365681;1
Malaysia;MY;2000;40,6121595;75,83718179;0,238777352;86,76624404;1
Malaysia;MY;2001;11,65915331;45,89508831;0,04166366;52,08434235;0
Malaysia;MY;2002;97,67794312;70,95341432;0,472255713;21,00656312;1
Malaysia;MY;2003;72,01718277;67,30904066;0,406118239;87,1820649;1
Malaysia;MY;2004;75,45199315;64,38100699;0,909236164;91,59408799;1
Malaysia;MY;2005;88,40424604;16,37472389;0,785987689;98,87183143;0
Malaysia;MY;2006;62,62872688;2,41722136;0,034133726;52,48829345;1
Malaysia;MY;2007;1,059198153;55,55837845;0,768022705;67,78441876;1
Malaysia;MY;2008;33,202714;24,97568439;0,184037738;79,77833461;0
Malaysia;MY;2009;38,42556517;66,35923311;0,195544789;97,70780798;0
Malaysia;MY;2010;85,22250351;88,97284096;0,268249437;14,4281046;1
Malaysia;MY;2011;4,969425785;87,22186853;0,768014246;38,05157188;0
Malaysia;MY;2012;26,94613282;14,51368103;0,161422116;68,14506982;1
Malaysia;MY;2013;49,76687315;88,68089194;0,165252093;96,41008272;1
Malaysia;MY;2014;89,72285856;55,78241322;0,863880393;79,63532454;1
Malaysia;MY;2015;77,07988687;99,27250298;0,074709268;56,80343037;1
Malaysia;MY;2016;42,67770615;7,321241637;0,906218894;58,98019052;0
Mexico;MX;2000;5,115960846;88,65995609;0,476143858;12,56907669;1
Mexico;MX;2001;54,94102435;6,979186606;0,96628117;62,0081718;0
Mexico;MX;2002;66,71900155;78,35857021;0,535741243;32,77085307;1
Mexico;MX;2003;65,5761729;61,70395913;0,189939056;20,78379929;0
Mexico;MX;2004;26,59155326;43,09717291;0,394308472;68,65582753;0
Mexico;MX;2005;44,27392794;97,34447587;0,576268692;38,27302463;0
Mexico;MX;2006;92,24757962;0,153466622;0,560682785;39,27462489;0
Mexico;MX;2007;39,83814494;88,59208736;0,356210576;6,968624003;0
Mexico;MX;2008;65,3101762;41,7981897;0,93198865;85,64298552;0
Mexico;MX;2009;89,92253824;49,64123015;0,878956287;45,29118744;0
Mexico;MX;2010;42,35628785;86,19934277;0,941017225;0,13340406;1
Mexico;MX;2011;52,80718584;14,62365812;0,553138741;25,12317795;1
Mexico;MX;2012;3,593161113;81,82732407;0,691795592;7,395408822;0
Mexico;MX;2013;39,43096676;98,19170634;0,541172755;71,75945868;0
Mexico;MX;2014;3,228317274;1,53819102;0,307941369;69,24047897;1
Mexico;MX;2015;39,438664;67,70669177;0,435575851;56,93659155;0
Mexico;MX;2016;NA;39,98373085;0,0741257;72,40943299;1
Moldova;MD;2000;NA;91,54922782;0,460066201;78,78022901;0
Moldova;MD;2007;36,67461448;32,60575871;0,590394991;83,39030949;0
Moldova;MD;2009;89,67930464;84,39908403;0,655059223;73,95721998;1
Moldova;MD;2010;88,89373544;31,1147532;0,606506269;83,96897333;1
Moldova;MD;2011;82,10644481;56,43619577;0,916454425;14,91084775;0
Moldova;MD;2012;4,538547006;99,63071466;0,237352273;98,58635203;0
Moldova;MD;2013;33,4602005;11,36879441;0,913659213;38,54549038;0
Moldova;MD;2014;40,09341204;46,66560028;0,8088838;40,76763213;1
Moldova;MD;2015;85,01352198;83,08987158;0,259770607;72,28557981;0
Moldova;MD;2016;13,0707919;25,97992365;0,283202048;50,48404773;1
Morocco;MA;2000;0,982434339;70,13666983;0,866869009;32,34340544;1
Morocco;MA;2001;92,38483766;86,57077295;0,337262976;91,03764128;1
Morocco;MA;2002;19,11424434;20,22930932;0,627487969;22,33573507;1
Morocco;MA;2003;34,04373153;36,7253042;0,444465854;15,53676192;1
Morocco;MA;2004;75,7959074;61,47035559;0,282884798;89,29171012;1
Morocco;MA;2005;33,51438101;16,15699872;0,693630951;29,09018019;1
Morocco;MA;2006;23,91556282;35,46244384;0,948548889;68,21499579;1
Morocco;MA;2007;58,78205603;9,915738159;0,682687525;53,06036627;0
Morocco;MA;2008;38,01216631;77,87854625;0,08057495;4,116593069;1
Morocco;MA;2009;45,95322471;37,55457689;0,706976256;80,40162586;0
Morocco;MA;2010;75,82305868;24,74362295;0,732646341;28,54255473;1
Morocco;MA;2011;19,34621242;52,52323938;0,868211314;50,37999363;1
Morocco;MA;2012;31,17502312;38,71028168;0,585074825;71,71844957;1
Morocco;MA;2013;77,93013464;6,321053332;0,974991875;30,99566502;1
Morocco;MA;2014;35,63122703;98,89607057;0,355999642;92,1506642;1
Morocco;MA;2015;97,94350194;74,50399897;0,769561848;44,28434342;1
Morocco;MA;2016;93,2806051;91,68826441;0,058818301;35,82315726;1
Netherlands;NL;2000;16,25661475;5,212065237;0,823301257;54,37841162;1
Netherlands;NL;2001;95,9400979;48,16979;0,289863569;74,64307751;0
Netherlands;NL;2002;3,106275112;66,04496261;0,357749547;3,86411196;1
Netherlands;NL;2003;87,89402889;79,34576225;0,55483204;10,77838918;1
Netherlands;NL;2004;0,208006329;23,46119198;0,702663923;79,99179757;1
Netherlands;NL;2005;68,75541031;45,15450699;0,460058565;55,007522;1
Netherlands;NL;2006;63,65111669;13,52436468;0,049336189;35,29698518;0
Netherlands;NL;2007;70,93367462;61,71723985;0,957821341;92,62283653;1
Netherlands;NL;2008;81,19429374;78,79885474;0,40104345;44,91524116;1
Netherlands;NL;2009;43,28908697;2,965688131;0,472600268;19,8407749;1
Netherlands;NL;2010;NA;8,156346738;0,101307767;40,26919384;0
Netherlands;NL;2011;95,32169272;6,290595751;0,500606684;51,18970123;0
Netherlands;NL;2012;49,67546803;92,65339502;0,610374782;28,53632409;0
Netherlands;NL;2013;47,00606636;71,4144498;0,456061285;38,41334412;0
Netherlands;NL;2014;73,75399952;16,34740547;0,740204313;32,67336823;0
Netherlands;NL;2015;NA;89,89135327;0,86451987;70,87333051;1
Netherlands;NL;2016;1,057726186;58,68647865;0,904951224;32,87727363;0
New Zealand;NZ;2000;29,44539964;2,372672903;0,514941123;92,51252859;0
New Zealand;NZ;2001;0,903933128;10,54296748;0,411038885;20,94898106;0
New Zealand;NZ;2002;95,48759005;24,06266051;0,47680098;42,56090475;1
New Zealand;NZ;2003;65,20023362;38,470767;0,859787328;2,728739471;0
New Zealand;NZ;2004;33,44007337;66,32871619;0,208199464;17,2171598;0
New Zealand;NZ;2005;51,36572412;57,6844708;0,298966967;6,923564795;1
New Zealand;NZ;2006;75,38744084;13,5182659;0,458584888;82,26271872;0
New Zealand;NZ;2007;86,68599452;82,14189142;0,06400926;24,35474062;0
New Zealand;NZ;2008;9,634431156;62,65232291;0,561988361;58,90737579;0
New Zealand;NZ;2009;NA;80,91141316;0,592786584;44,34076885;1
New Zealand;NZ;2010;NA;21,93581138;0,252110728;13,77841928;0
New Zealand;NZ;2011;97,80266167;75,40476904;0,374400399;13,90546832;1
New Zealand;NZ;2012;92,79146608;65,78906006;0,459314964;28,40631005;1
New Zealand;NZ;2013;NA;64,01493303;0,265902072;52,65994265;1
New Zealand;NZ;2014;9,575822504;30,77496749;0,505620289;43,96231905;1
New Zealand;NZ;2015;19,08380414;65,92833974;0,50024445;10,24107373;1
New Zealand;NZ;2016;9,297103697;62,58171058;0,049770747;18,35642149;1
Nicaragua;NI;2000;47,70425095;99,04682185;0,979268016;1,056504733;1
Nicaragua;NI;2001;63,67265722;44,1658128;0,075127795;63,45440476;1
Nicaragua;NI;2002;95,94554464;20,50979736;0,562980945;88,29332677;0
Nicaragua;NI;2003;12,14342869;67,09454838;0,743273345;46,58547894;1
Nicaragua;NI;2004;88,77240424;59,3210284;0,447681281;12,06407676;1
Nicaragua;NI;2005;88,86011123;88,82407796;0,454303445;78,15780527;0
Nicaragua;NI;2006;10,88395036;1,5649802;0,712976462;75,84300198;0
Nicaragua;NI;2007;39,0555345;28,52054522;0,53712604;30,04986793;0
Nicaragua;NI;2008;20,67139925;58,84829766;0,576196544;13,98797274;0
Nicaragua;NI;2009;95,95073899;16,40766654;0,592735719;67,81089336;1
Nicaragua;NI;2010;99,38831533;46,88283575;0,70009885;58,10571021;0
Nicaragua;NI;2011;51,04333942;24,15349362;0,81054905;42,41953196;0
Nicaragua;NI;2012;90,82656663;59,10609099;0,003089683;85,10758322;0
Nicaragua;NI;2013;24,49971929;50,56716536;0,303987731;41,43916303;1
Nicaragua;NI;2014;69,78357145;46,52738122;0,448297305;47,73457146;0
Nicaragua;NI;2015;17,356601;10,55441919;0,745242021;76,15604582;0
Nicaragua;NI;2016;78,05864601;78,91967732;0,261187873;79,73258669;0
Norway;NO;2000;71,54845644;44,03878582;0,961304433;17,99891077;0
Norway;NO;2001;36,82963009;94,18149335;0,272275242;48,12642024;0
Norway;NO;2002;45,2278642;53,9273294;0,443910323;0,213458937;0
Norway;NO;2003;38,80977652;15,4244575;0,226831277;27,9128447;1
Norway;NO;2004;29,09029586;94,73143279;0,439933103;5,906639296;1
Norway;NO;2005;43,74250594;32,75124773;0,775557149;50,76563832;0
Norway;NO;2006;97,39778069;90,48814181;0,572731494;13,83698485;1
Norway;NO;2007;24,29560708;97,53929519;0,831882905;15,87287393;0
Norway;NO;2008;71,04708523;39,64743201;0,594528166;27,46013977;1
Norway;NO;2009;47,76262227;5,241079391;0,30436175;46,4512491;1
Norway;NO;2010;69,16495439;21,43386318;0,800404118;46,22055218;0
Norway;NO;2011;45,60291694;22,07472786;0,920731214;6,367094531;0
Norway;NO;2012;3,994627525;25,61818963;0,295770362;67,59123254;1
Norway;NO;2013;70,93070854;41,82564103;0,860252934;51,23500525;1
Norway;NO;2014;31,2592041;26,3142681;0,923377619;71,74284517;1
Norway;NO;2015;34,46846641;18,95412025;0,27499376;38,99147799;0
Norway;NO;2016;18,14876401;49,80644745;0,595632471;5,985190086;0
Oman;OM;2000;16,91873655;41,42559584;0,047748609;99,21345908;0
Oman;OM;2007;69,94992607;74,08064264;0,647337227;45,75801001;1
Oman;OM;2009;37,09842736;85,7624671;0,651325224;40,0331184;1
Oman;OM;2010;35,18512992;81,61651385;0,374570421;2,280220342;0
Oman;OM;2011;96,52385167;39,83465943;0,608281445;39,39298241;1
Oman;OM;2012;77,99247713;20,16314386;0,854399628;10,19840088;1
Oman;OM;2013;30,03863103;61,10221813;0,081140061;87,58590548;0
Oman;OM;2014;70,8224888;16,73063756;0,46507356;3,627203532;0
Oman;OM;2015;26,68827364;61,97593605;0,403953535;22,29561768;1
Oman;OM;2016;76,8759614;51,24816146;0,994979908;75,98142127;1
Pakistan;PK;2000;14,56311142;70,91802329;0,611854634;18,39054157;0
Pakistan;PK;2001;62,05853418;76,19084296;0,607636755;69,31406566;1
Pakistan;PK;2002;82,00927961;55,99379105;0,053356609;46,64007901;1
Pakistan;PK;2003;68,21873535;74,24623835;0,28715308;6,742135486;1
Pakistan;PK;2004;84,98020053;88,91257106;0,175660319;11,81826874;0
Pakistan;PK;2005;92,27750866;30,98111175;0,377262205;48,97462416;0
Pakistan;PK;2006;77,22556206;35,03581722;0,240988289;15,67713651;1
Pakistan;PK;2007;12,47983002;11,29624332;0,452865489;92,30887234;1
Pakistan;PK;2008;95,79701469;7,35736808;0,774087213;28,1283557;1
Pakistan;PK;2009;59,77714591;92,048788;0,109712826;41,36432917;1
Pakistan;PK;2010;23,77327144;22,7158177;0,4465108;46,56945681;1
Pakistan;PK;2011;78,3812387;97,56911001;0,4827186;33,09871551;1
Pakistan;PK;2012;61,05757418;39,75163266;0,801346169;1,43037706;0
Pakistan;PK;2013;11,69557126;68,80520466;0,281988996;46,98847305;1
Pakistan;PK;2014;55,25813546;39,31979389;0,497478599;60,19483713;1
Pakistan;PK;2015;7,087069504;15,15544001;0,302142267;2,832543644;0
Pakistan;PK;2016;34,77787922;79,15532756;0,729053184;86,88805251;0
Panama;PA;2000;58,08026866;18,6562589;0,720952754;75,99001617;1
Panama;PA;2007;0,21807062;38,36157452;0,834028464;2,223828258;1
Panama;PA;2009;38,36141864;34,96170222;0,048600446;54,58084497;1
Panama;PA;2010;39,10481412;70,31172589;0,709620281;1,388128556;0
Panama;PA;2011;24,57322142;27,10131031;0,959570186;53,247534;0
Panama;PA;2012;26,55685389;21,19726788;0,910058328;59,69662;1
Panama;PA;2013;60,81077387;27,16444706;0,073895511;53,21323208;1
Panama;PA;2014;65,02685986;70,08875619;0,040872538;32,54232292;1
Panama;PA;2015;79,3827864;7,178481461;0,989329569;81,23932402;1
Panama;PA;2016;39,69525434;56,27233774;0,382530541;53,74923858;1
Paraguay;PY;2000;81,1968011;56,07610461;0,06332589;30,35378677;1
Paraguay;PY;2001;94,81382984;70,0116221;0,331333592;41,253449;0
Paraguay;PY;2002;23,65027296;51,07505916;0,661782686;22,65846676;0
Paraguay;PY;2003;2,606188717;45,21594112;0,732519662;12,49289011;0
Paraguay;PY;2004;66,79504549;60,43095058;0,23141221;67,56799142;0
Paraguay;PY;2005;60,19694833;67,76264741;0,545601244;38,34483497;0
Paraguay;PY;2006;27,63944512;39,72083902;0,946560169;0,927337203;1
Paraguay;PY;2007;51,68349578;52,59153352;0,022790741;28,29856069;1
Paraguay;PY;2008;81,72244502;23,81083668;0,192503675;79,93251725;0
Paraguay;PY;2009;20,45532333;87,47199625;0,333959824;80,83718399;0
Paraguay;PY;2010;13,36876842;62,76543092;0,56670395;97,12912395;1
Paraguay;PY;2011;61,63548584;43,67859456;0,040709903;55,71712258;1
Paraguay;PY;2012;89,18801489;23,02713461;0,136104935;10,51052488;1
Paraguay;PY;2013;64,04229716;70,50249736;0,590841482;20,28611165;0
Paraguay;PY;2014;70,15556711;37,42676803;0,852701203;69,97752465;0
Paraguay;PY;2015;54,39693819;88,34585188;0,39438739;5,621023896;0
Paraguay;PY;2016;39,99273683;32,69662978;0,426199335;54,62514147;0
Peru;PE;2000;21,04332347;15,61851191;0,756616689;39,00490031;0
Peru;PE;2001;2,458698552;62,62821036;0,75492402;81,61038168;1
Peru;PE;2002;82,8721607;93,03091834;0,132939688;11,93773737;0
Peru;PE;2003;12,15836875;6,317154958;0,417985912;88,27149691;1
Peru;PE;2004;32,67589614;24,09991393;0,856743515;21,64299476;1
Peru;PE;2005;11,02208223;14,95285354;0,839996644;62,65268365;1
Peru;PE;2006;77,13556246;55,1319508;0,605332171;69,73560181;0
Peru;PE;2007;56,78836928;60,35206735;0,05670466;59,93399084;0
Peru;PE;2008;30,85259716;84,41217322;0,455620473;4,81440964;1
Peru;PE;2009;13,31181532;60,01842644;0,776448698;3,345745924;1
Peru;PE;2010;41,17719702;25,68480896;0,5028494;85,29511513;0
Peru;PE;2011;41,95494439;50,50758236;0,056531635;34,48876347;0
Peru;PE;2012;51,88122366;88,30807742;0,893507255;91,1918618;0
Peru;PE;2013;40,02203098;64,50886582;0,298971941;70,39869646;1
Peru;PE;2014;34,58260647;63,04626979;0,828503485;86,20267227;1
Peru;PE;2015;34,07058217;28,06439276;0,545106588;62,53273901;1
Peru;PE;2016;59,90986886;16,17863738;0,229143755;89,34206186;0
Philippines;PH;2000;5,84891561;31,68956262;0,990581649;79,72131754;1
Philippines;PH;2001;14,69666958;77,48751109;0,793530544;91,50213911;1
Philippines;PH;2002;46,58383677;12,9455576;0,664543142;96,77559029;1
Philippines;PH;2003;60,29183311;37,90260599;0,609334219;55,16234018;1
Philippines;PH;2004;56,56402313;51,56757835;0,062697726;78,02977739;0
Philippines;PH;2005;40,52322564;58,43099403;0,611413554;19,05175406;0
Philippines;PH;2006;15,0085285;95,84817298;0,184158715;35,91887875;1
Philippines;PH;2007;35,13935652;4,230764991;0,301212077;32,57508464;1
Philippines;PH;2008;92,93655905;36,82350377;0,849429339;96,17145071;1
Philippines;PH;2009;83,59099824;93,3347293;0,988007089;51,92380895;0
Philippines;PH;2010;47,41822887;19,62956575;0,638259323;22,08244444;0
Philippines;PH;2011;25,09421027;24,43157405;0,114949093;56,9846782;1
Philippines;PH;2012;65,91942831;13,97060021;0,279852137;95,90477387;1
Philippines;PH;2013;14,83387384;9,914584619;0,43208217;14,43546112;1
Philippines;PH;2014;92,85442072;8,290985495;0,861632393;73,94838494;1
Philippines;PH;2015;20,80356233;98,70195321;0,707688201;54,37453854;0
Philippines;PH;2016;52,81125568;6,72664241;0,307683588;3,321082371;1
Poland;PL;2000;74,08209345;26,76172349;0,414533336;65,43455251;1
Poland;PL;2001;25,55007808;8,610789134;0,057219852;75,45978689;0
Poland;PL;2002;58,47783958;78,81229687;0,245434772;39,89466103;0
Poland;PL;2003;79,70753;23,05005442;0,68866424;80,831925;0
Poland;PL;2004;49,1355648;42,92665054;0,985649067;10,6833007;1
Poland;PL;2005;47,21016433;31,11495943;0,438206506;1,539785701;0
Poland;PL;2006;65,83912409;66,82919694;0,370304317;14,20740896;0
Poland;PL;2007;57,0151509;37,53656809;0,289197202;1,364266248;0
Poland;PL;2008;64,90867357;63,98881701;0,17945769;57,16571512;0
Poland;PL;2009;53,56959552;91,90882923;0,311278858;80,12161518;0
Poland;PL;2010;72,684399;0,31954795;0,970294809;51,72470434;1
Poland;PL;2011;65,17646611;26,56296854;0,521081563;86,64613065;0
Poland;PL;2012;26,84925161;58,63953757;0,735365207;62,64247966;1
Poland;PL;2013;43,56202892;82,98597684;0,68379284;78,1718984;1
Poland;PL;2014;64,81276886;79,6928483;0,176155194;14,59999851;0
Poland;PL;2015;9,044268316;97,88876942;0,216261258;52,33969715;0
Poland;PL;2016;83,83393334;32,32964994;0,963810717;87,96867333;1
Portugal;PT;2000;8,538776729;39,10262027;0,347428364;35,31494684;0
Portugal;PT;2001;90,81099285;42,98638497;0,003501957;64,45768399;1
Portugal;PT;2002;89,92441187;37,38594624;0,669857439;66,829757;0
Portugal;PT;2003;26,90124282;58,05328141;0,405914425;39,97366071;0
Portugal;PT;2004;12,83293635;99,25104145;0,956249651;8,905160078;0
Portugal;PT;2005;67,41287493;98,48418537;0,382083568;18,61769083;0
Portugal;PT;2006;1,988290362;38,80825344;0,693875143;29,51214647;1
Portugal;PT;2007;25,23285101;30,03513988;0,526714582;70,40494495;1
Portugal;PT;2008;43,33081223;93,21049977;0,90669484;27,12544639;0
Portugal;PT;2009;74,85933161;70,74096474;0,490897678;42,59387216;0
Portugal;PT;2010;57,39266124;13,38477828;0,149814147;87,44617288;1
Portugal;PT;2011;90,57709718;73,80323352;0,984621739;56,82687998;0
Portugal;PT;2012;98,90248543;8,262339224;0,723796883;40,19608135;0
Portugal;PT;2013;49,83955873;92,11704799;0,935870883;50,94663716;0
Portugal;PT;2014;81,2627994;83,8216764;0,669740152;78,62654745;1
Portugal;PT;2015;17,14428886;89,32928652;0,340338334;26,89111908;1
Portugal;PT;2016;29,19295164;82,86391982;0,723479938;15,85898061;0
Puerto Rico;PR;2000;90,22674373;77,21011643;0,367767283;44,67658209;1
Puerto Rico;PR;2001;59,14217262;91,98640459;0,489626723;78,27453641;0
Puerto Rico;PR;2002;35,95637994;49,50603882;0,205998259;89,6535117;1
Puerto Rico;PR;2003;13,17892333;60,29291431;0,28544225;78,88258066;0
Puerto Rico;PR;2004;31,46343092;42,80415482;0,969877697;3,49462025;1
Puerto Rico;PR;2005;92,06181845;78,88026473;0,419652423;82,10057391;1
Puerto Rico;PR;2006;61,80451399;31,04613486;0,183977937;75,75355417;1
Puerto Rico;PR;2007;77,81036164;45,9101907;0,391898203;4,031481172;1
Puerto Rico;PR;2008;25,55299621;73,13277573;0,716987419;89,39564735;0
Puerto Rico;PR;2009;37,34756424;98,00217127;0,331140951;7,356412973;0
Puerto Rico;PR;2010;5,763578285;66,79976539;0,171460008;59,24396475;1
Puerto Rico;PR;2011;40,13258253;12,17929644;0,926142858;84,04402921;1
Puerto Rico;PR;2012;81,62693457;62,64369815;0,030477435;94,62483915;0
Puerto Rico;PR;2013;54,04926987;4,094226015;0,625726771;34,65313448;0
Puerto Rico;PR;2014;28,65317528;99,46211304;0,650009453;72,75230663;1
Puerto Rico;PR;2015;73,71177349;36,03837451;0,807429886;50,89039223;1
Puerto Rico;PR;2016;62,52966938;92,66927278;0,890381232;0,174296246;1
Qatar;QA;2000;62,79909402;59,73477331;0,898461065;21,39956277;1
Qatar;QA;2007;92,9342929;32,60118525;0,101921222;14,33868562;0
Qatar;QA;2009;63,06821969;0,156364345;0,448162024;2,50805384;1
Qatar;QA;2010;5,120997253;85,88463819;0,656407596;76,02526604;0
Qatar;QA;2011;59,62497752;4,075045745;0,091456359;80,46363412;0
Qatar;QA;2012;20,36298419;73,58790531;0,133209531;35,70054604;0
Qatar;QA;2013;95,12144186;23,48298219;0,794028022;64,17091263;1
Qatar;QA;2014;92,35317101;35,13542784;0,634270424;43,75936482;1
Qatar;QA;2015;63,05047232;31,5599555;0,021250884;89,74406343;1
Qatar;QA;2016;39,8792345;31,66593778;0,418247069;90,14012436;0
Romania;RO;2000;51,85441533;22,18017044;0,394481608;56,64741317;0
Romania;RO;2007;84,99900567;13,52248273;0,60490866;79,55163652;0
Romania;RO;2009;1,064223607;64,19866089;0,596378886;73,9729927;1
Romania;RO;2010;21,05521764;91,73598885;0,423914407;56,39443816;1
Romania;RO;2011;96,50358947;88,33757932;0,577841509;31,28012864;0
Romania;RO;2012;0,445560112;4,06461475;0,713980444;88,07201265;0
Romania;RO;2013;59,64985195;59,58172805;0,864533898;56,92094541;1
Romania;RO;2014;55,6898679;92,73661792;0,437277742;92,26545524;1
Romania;RO;2015;95,89692038;45,58586484;0,760132258;17,85847693;1
Romania;RO;2016;57,03092745;98,62662417;0,521182114;76,44618374;1
Russia;RU;2000;48,59753094;5,328306626;0,125303579;36,5715525;1
Russia;RU;2001;32,01870323;99,54218639;0,265545505;30,56902296;0
Russia;RU;2002;11,44569935;71,94681273;0,786216441;33,19307398;0
Russia;RU;2003;33,5656287;35,25276634;0,302296078;97,00824888;0
Russia;RU;2004;10,66961091;39,88775335;0,863302745;96,99356216;1
Russia;RU;2005;57,16169285;0,392309694;0,66888867;25,48102545;1
Russia;RU;2006;73,16712127;59,84577729;0,116643553;51,17581292;1
Russia;RU;2007;84,09092924;22,95926526;0,739803265;10,61792284;1
Russia;RU;2008;9,151942456;17,55838148;0,49635092;98,18193974;1
Russia;RU;2009;29,25258189;1,080112608;0,782726294;73,68386813;1
Russia;RU;2010;1,099099993;69,92126036;0,708529754;36,3963049;1
Russia;RU;2011;65,87412112;23,36427108;0,133782549;42,03795931;0
Russia;RU;2012;33,38308535;0,182735678;0,926115457;14,73498807;0
Russia;RU;2013;80,50527941;33,28319694;0,799190161;6,729720023;1
Russia;RU;2014;22,39927451;35,99207588;0,70303902;79,02009072;1
Russia;RU;2015;38,30418954;6,79433464;0,440487558;9,161334163;1
Russia;RU;2016;26,31020038;76,65867852;0,673002413;16,62430936;1
Saudi Arabia;SA;2000;49,4784412;86,29494744;0,984526933;70,16348074;0
Saudi Arabia;SA;2001;80,34911797;67,65497726;0,603745402;19,07309658;0
Saudi Arabia;SA;2002;31,41498984;42,95469375;0,816025014;50,90944824;1
Saudi Arabia;SA;2003;49,08065835;99,52412404;0,594654765;62,72980962;1
Saudi Arabia;SA;2004;95,84940563;43,12195908;0,356543205;90,83770111;0
Saudi Arabia;SA;2005;46,09399488;97,8542844;0,6009427;49,8477619;0
Saudi Arabia;SA;2006;5,252459148;74,15850178;0,582227266;3,532754924;1
Saudi Arabia;SA;2007;23,76777421;15,6589922;0,823557884;86,83465499;0
Saudi Arabia;SA;2008;37,07949197;14,85151867;0,112399031;34,23551341;0
Saudi Arabia;SA;2009;56,68964246;91,00350452;0,744896409;83,30881792;0
Saudi Arabia;SA;2010;77,59727729;52,5509466;0,266379761;87,28543679;0
Saudi Arabia;SA;2011;50,54706054;36,96982209;0,940506488;33,31797982;0
Saudi Arabia;SA;2012;89,22176654;1,372290469;0,496438776;7,542278928;0
Saudi Arabia;SA;2013;5,865282947;79,20420782;0,619266841;70,2040923;0
Saudi Arabia;SA;2014;85,91332159;42,04429343;0,479457068;81,34296951;1
Saudi Arabia;SA;2015;26,35282041;49,44672691;0,737317104;4,380086358;1
Saudi Arabia;SA;2016;24,94000165;3,152835095;0,14742496;33,25006991;0
Serbia;RS;2000;8,518704227;48,0213234;0,604312385;41,05501888;0
Serbia;RS;2007;52,00742779;87,90375427;0,223362802;80,41772058;1
Serbia;RS;2009;13,36608785;34,12845321;0,535729784;64,07446116;1
Serbia;RS;2010;40,77719549;83,19410277;0,608596991;89,9286571;1
Serbia;RS;2011;67,26360588;76,89635867;0,788673228;43,10521703;1
Serbia;RS;2012;73,61606448;94,07023103;0,112995896;5,302698524;0
Serbia;RS;2013;97,85303014;42,55771747;0,471020373;92,71259549;0
Serbia;RS;2014;71,58479414;58,08139736;0,204746071;25,29252917;0
Serbia;RS;2015;69,82770364;17,45400305;0,04846389;92,02548223;0
Serbia;RS;2016;43,54246124;84,34285907;0,873679491;31,31837378;0
Singapore;SG;2000;42,23751769;96,13195301;0,592266138;15,73179087;1
Singapore;SG;2001;33,82957337;68,66202047;0,290057733;91,68522339;0
Singapore;SG;2002;55,79656436;28,7721333;0,640728841;65,73507347;0
Singapore;SG;2003;67,33067581;87,90136181;0,026121214;22,71153112;0
Singapore;SG;2004;2,902581262;66,42380377;0,470783811;57,96540375;1
Singapore;SG;2005;37,82753229;2,998128275;0,478961772;89,01745427;1
Singapore;SG;2006;17,29780983;49,98699701;0,34494985;44,55525257;1
Singapore;SG;2007;8,140433513;41,87187972;0,291376699;90,02267034;0
Singapore;SG;2008;18,66983648;15,31233157;0,850226491;96,75358097;1
Singapore;SG;2009;79,97198736;1,630296981;0,305334724;97,97076632;0
Singapore;SG;2010;22,47145286;38,38146201;0,355160785;99,86139571;1
Singapore;SG;2011;28,05966399;92,77660663;0,326792168;64,19598781;0
Singapore;SG;2012;72,54017235;17,21048641;0,522044979;91,41132174;1
Singapore;SG;2013;27,0628711;9,824891576;0,524444487;86,68382245;0
Singapore;SG;2014;5,277791469;89,44438115;0,539880438;61,09427119;1
Singapore;SG;2015;26,07852944;77,37928041;0,484918902;14,50736489;0
Singapore;SG;2016;NA;83,83060624;0,240509607;2,880680029;0
Slovakia;SK;2000;50,49515583;78,87724243;0,155151007;10,63759498;1
Slovakia;SK;2007;12,50652168;75,27287175;0,740954848;32,16627956;0
Slovakia;SK;2009;47,33169258;19,11714487;0,520147468;38,09786382;0
Slovakia;SK;2010;31,27440661;59,34364586;0,4639836;96,96988959;1
Slovakia;SK;2011;13,87355565;14,9755633;0,38913674;34,9583935;1
Slovakia;SK;2012;64,07350447;76,52124449;0,94873086;16,26902226;1
Slovakia;SK;2013;14,80202054;69,65150758;0,432464986;8,6937457;1
Slovakia;SK;2014;80,30044823;40,34163544;0,223553077;38,44164578;1
Slovakia;SK;2015;49,6956823;39,47144142;0,379379492;16,79787442;0
Slovakia;SK;2016;83,05786281;67,40000287;0,099519697;97,74100411;1
Slovenia;SI;2000;88,88142215;55,15154241;0,619405491;23,63822533;1
Slovenia;SI;2007;49,12973988;90,82824793;0,123428394;60,87895226;0
Slovenia;SI;2009;17,74265867;33,41815772;0,674217238;45,30560147;1
Slovenia;SI;2010;5,290302585;91,250139;0,241153357;31,01938771;1
Slovenia;SI;2011;1,656808472;70,30998631;0,000580711;97,80079877;0
Slovenia;SI;2012;12,72729085;94,754884;0,442617184;2,329308862;0
Slovenia;SI;2013;85,24846543;88,43161714;0,380744795;57,42757298;1
Slovenia;SI;2014;73,25077544;4,722527149;0,629533431;73,13445686;1
Slovenia;SI;2015;NA;16,31574263;0,184975265;46,67397677;1
Slovenia;SI;2016;52,88424867;89,89713979;0,918926647;50,53878977;0
South Africa;ZA;2000;8,669509271;6,567323669;0,744071418;79,89190266;1
South Africa;ZA;2001;59,23347186;17,07999367;0,261881968;66,06421582;0
South Africa;ZA;2002;82,67002839;62,30710151;0,464857811;7,985362843;0
South Africa;ZA;2003;63,94996628;69,19647069;0,100278942;94,84507533;1
South Africa;ZA;2004;82,04783243;90,019378;0,531712108;18,33813248;1
South Africa;ZA;2005;81,00039773;10,66154566;0,703149163;8,813099481;1
South Africa;ZA;2006;96,53098982;79,51652568;0,17411195;7,392785442;0
South Africa;ZA;2007;59,8199245;33,80679136;0,363593634;14,73024154;0
South Africa;ZA;2008;0,346161406;23,2560273;0,407343587;56,29373543;0
South Africa;ZA;2009;18,07643117;60,97139449;0,240097989;58,9709412;0
South Africa;ZA;2010;86,79663324;13,90759711;0,988958698;45,05693326;0
South Africa;ZA;2011;95,66473153;48,39738836;0,017303029;40,56312653;1
South Africa;ZA;2012;28,68654316;39,40200828;0,459045344;93,68785595;0
South Africa;ZA;2013;75,22327382;18,02217463;0,951499726;61,75489051;1
South Africa;ZA;2014;20,056301;32,10089376;0,584293233;45,74073091;0
South Africa;ZA;2015;58,82183583;37,16124842;0,004664469;92,26748509;1
South Africa;ZA;2016;NA;24,1968505;0,235289734;82,6524996;1
Spain;ES;2000;90,44760074;61,10867452;0,10061222;21,59687749;1
Spain;ES;2001;16,14094004;17,7843285;0,509722113;61,87848145;0
Spain;ES;2002;92,51794755;39,67635416;0,508225698;44,27306035;1
Spain;ES;2003;94,05611157;56,19913668;0,028328997;83,4550229;0
Spain;ES;2004;71,10489571;57,55116187;0,444271871;20,80115133;1
Spain;ES;2005;31,15817185;26,26019914;0,307139633;2,084554342;0
Spain;ES;2006;21,90362626;11,10755776;0,945697375;91,18574477;0
Spain;ES;2007;7,953693659;13,44473298;0,81803391;55,86612879;1
Spain;ES;2008;98,01396333;75,7522055;0,532205799;85,75225763;1
Spain;ES;2009;29,43128303;66,24291421;0,497500481;76,56860874;0
Spain;ES;2010;87,32778051;53,19318296;0,351453252;59,98022982;0
Spain;ES;2011;69,73170918;94,04683107;0,197853477;71,48963081;1
Spain;ES;2012;79,27278401;44,94772789;0,272198874;4,181477786;1
Spain;ES;2013;NA;20,28109612;0,361290114;29,63849641;1
Spain;ES;2014;19,61970476;98,659862;0,387970696;86,98579623;1
Spain;ES;2015;44,23635758;49,09635534;0,730058547;8,64852456;1
Spain;ES;2016;74,74812209;84,53458324;0,110853641;40,48773074;0
Sri Lanka;LK;2000;70,38470318;92,98090065;0,136569535;89,55413606;0
Sri Lanka;LK;2001;69,50968189;16,32126006;0,921816211;86,16874041;0
Sri Lanka;LK;2002;41,6842559;57,60885448;0,773770906;25,66439511;0
Sri Lanka;LK;2003;10,54535383;43,60566411;0,355322348;65,88686854;0
Sri Lanka;LK;2004;59,11953099;39,45405933;0,756536329;11,72472651;1
Sri Lanka;LK;2005;63,73455864;54,38895878;0,094664273;19,33512863;1
Sri Lanka;LK;2006;77,10265027;80,87565724;0,43064813;59,28755463;0
Sri Lanka;LK;2007;68,54920493;4,410853426;0,324124838;97,8483271;0
Sri Lanka;LK;2008;32,51189021;55,91311073;0,65086276;19,17003394;0
Sri Lanka;LK;2009;89,23137847;1,516837978;9,51E-05;68,10054341;1
Sri Lanka;LK;2010;44,46294965;47,44953329;0,316962739;5,234143906;1
Sri Lanka;LK;2011;94,02545925;15,49909848;0,496395992;45,15125456;0
Sri Lanka;LK;2012;68,59578662;91,18020516;0,222027684;40,46030866;0
Sri Lanka;LK;2013;NA;68,27724672;0,857698711;58,0523188;1
Sri Lanka;LK;2014;72,82254791;46,72271771;0,5607941;76,4346694;1
Sri Lanka;LK;2015;98,31114806;77,85270042;0,140548769;33,09416337;0
Sri Lanka;LK;2016;3,926183695;6,823006432;0,21505644;12,13966259;1
Sweden;SE;2000;93,19608423;36,72148648;0,34919538;37,28396964;1
Sweden;SE;2001;68,67990701;61,21384472;0,289238739;95,17555601;1
Sweden;SE;2002;61,67658097;50,10116368;0,650655278;83,22353563;0
Sweden;SE;2003;87,21551894;65,54740877;0,283097602;94,2962947;0
Sweden;SE;2004;17,00231382;76,79700156;0,283748412;60,25255605;0
Sweden;SE;2005;63,03378175;58,07210018;0,348849391;29,76575701;1
Sweden;SE;2006;2,865014183;91,84472469;0,125425383;34,72584558;0
Sweden;SE;2007;16,14686116;2,367423911;0,710516055;48,60779123;0
Sweden;SE;2008;81,3076713;56,23566944;0,535023943;5,986540416;1
Sweden;SE;2009;66,59580558;81,68230501;0,418615976;33,65668116;1
Sweden;SE;2010;60,40746368;57,11928641;0,010235454;0,327061758;1
Sweden;SE;2011;38,32903345;60,41769657;0,387740148;91,92783124;1
Sweden;SE;2012;0,620532475;38,3666416;0,946429256;32,22850458;0
Sweden;SE;2013;98,2115779;95,40759876;0,626634182;40,34747706;0
Sweden;SE;2014;NA;97,60357993;0,140392622;22,10311202;0
Sweden;SE;2015;5,397737175;37,98604901;0,836681747;74,32493388;0
Sweden;SE;2016;43,40711525;98,86999531;0,914793535;1,12374878;1
Switzerland;CH;2000;11,00613453;17,70249451;0,789368978;3,494858553;1
Switzerland;CH;2001;52,67966757;6,282681347;0,27036479;3,344427378;1
Switzerland;CH;2002;33,2109915;35,06470498;0,583887225;96,93424648;0
Switzerland;CH;2003;97,92593294;31,02705374;0,324948586;59,32642231;0
Switzerland;CH;2004;48,66794795;1,345640274;0,110486277;59,75951885;0
Switzerland;CH;2005;53,66122346;36,07045045;0,444664689;94,22125819;0
Switzerland;CH;2006;99,46703417;67,9398202;0,026243999;90,01852043;0
Switzerland;CH;2007;39,0815068;73,72407177;0,298773632;89,88417147;0
Switzerland;CH;2008;85,22051763;45,03611172;0,062428992;69,03567547;1
Switzerland;CH;2009;48,50663198;60,3555149;0,300420986;66,98680678;1
Switzerland;CH;2010;25,639232;48,05206496;0,4854381;72,09610849;1
Switzerland;CH;2011;70,15298438;43,76267471;0,064799706;22,09305329;0
Switzerland;CH;2012;31,95767667;60,63952975;0,856826109;85,85604849;0
Switzerland;CH;2013;42,34425644;2,818817173;0,849955735;37,60567275;1
Switzerland;CH;2014;57,69533744;23,25828495;0,409085231;42,31340709;0
Switzerland;CH;2015;58,14464938;55,64514695;0,875412166;8,826945065;1
Switzerland;CH;2016;17,06695781;99,56727722;0,621843762;37,56705539;1
Taiwan;TW;2000;20,02859951;74,38798222;0,342372725;48,15023807;1
Taiwan;TW;2001;10,76056576;69,29091606;0,67471566;96,23492454;1
Taiwan;TW;2002;94,99588318;64,5247661;0,747781441;27,36996211;0
Taiwan;TW;2003;28,63998703;85,43159413;0,953854832;94,16194679;1
Taiwan;TW;2004;0,133215339;63,01764052;0,015206951;38,74287833;0
Taiwan;TW;2005;92,51989345;61,07667744;0,189128468;4,956133573;0
Taiwan;TW;2006;42,07308036;64,98291728;0,753004271;91,58606314;1
Taiwan;TW;2007;67,89288446;4,818880641;0,783099017;7,486087847;1
Taiwan;TW;2008;21,85842369;97,22760193;0,220106776;18,24147302;1
Taiwan;TW;2009;88,75251903;48,42769524;0,849638848;11,79996587;0
Taiwan;TW;2010;NA;63,188049;0,318111778;29,93495083;1
Taiwan;TW;2011;16,49481908;12,16807153;0,167098597;45,36265254;1
Taiwan;TW;2012;NA;80,62107552;0,190362639;23,68138407;0
Taiwan;TW;2013;99,11551296;27,39189236;0,717111902;44,9755134;1
Taiwan;TW;2014;93,78007517;2,51911527;0,004363346;4,085528813;1
Taiwan;TW;2015;88,36856018;28,31766563;0,519189971;82,36345594;0
Taiwan;TW;2016;89,81844729;30,45670854;0,378182607;3,512389426;1
Thailand;TH;2000;28,7981747;25,4373585;0,890440305;5,894844877;1
Thailand;TH;2001;50,37999635;33,0361361;0,911877785;31,23752295;1
Thailand;TH;2002;2,67792136;5,619304213;0,316577933;12,05958491;1
Thailand;TH;2003;39,94885952;97,95597653;0,022792421;71,2455942;1
Thailand;TH;2004;38,07268216;23,73842895;0,762072905;69,27392681;0
Thailand;TH;2005;69,68249851;33,44017187;0,180482379;25,7649223;1
Thailand;TH;2006;87,62211607;88,81706667;0,121567912;22,2340352;0
Thailand;TH;2007;97,34592477;7,461603797;0,749952593;19,78448034;0
Thailand;TH;2008;99,92731785;56,58893504;0,34692746;1,147721364;1
Thailand;TH;2009;70,12759748;15,75838758;0,509683818;28,53493225;0
Thailand;TH;2010;NA;73,737199;0,581807361;1,271538556;0
Thailand;TH;2011;25,51061676;73,80816558;0,168785658;58,39534938;0
Thailand;TH;2012;40,99454526;19,35935883;0,864575969;36,67783383;0
Thailand;TH;2013;94,62367627;67,91360667;0,819234144;16,75314829;0
Thailand;TH;2014;52,03050157;38,61112837;0,254949862;5,4430672;0
Thailand;TH;2015;77,59901619;69,99334591;0,209487605;52,52666183;1
Thailand;TH;2016;40,18170535;1,292653556;0,011472169;14,15350348;1
Turkey;TR;2000;74,014546;71,39853489;0,725350959;65,26054152;1
Turkey;TR;2001;19,59958899;14,64286808;0,242342841;65,69943299;0
Turkey;TR;2002;46,25357677;90,31141761;0,4902705;76,34488846;0
Turkey;TR;2003;12,55621297;0,44805136;0,309580269;16,32853135;0
Turkey;TR;2004;52,79983524;59,51491921;0,639164197;72,23380208;0
Turkey;TR;2005;NA;34,7586913;0,579285575;89,04209855;1
Turkey;TR;2006;64,0777527;35,7494984;0,755423405;56,38785483;1
Turkey;TR;2007;72,22483144;19,13894733;0,65378266;25,41930697;0
Turkey;TR;2008;72,31903611;14,38986251;0,259547094;6,737674825;0
Turkey;TR;2009;98,68003018;66,22805273;0,344800362;31,22585606;1
Turkey;TR;2010;88,44484615;38,9237739;0,401437546;44,21679846;1
Turkey;TR;2011;23,20198762;9,135661672;0,233268967;21,53463177;0
Turkey;TR;2012;96,88664402;60,59626891;0,531959733;62,69254591;1
Turkey;TR;2013;49,42496194;68,88157925;0,010707065;30,14404539;1
Turkey;TR;2014;74,14430207;7,163757322;0,433060801;73,44541627;0
Turkey;TR;2015;25,93038796;42,02561348;0,128263414;12,32780036;1
Turkey;TR;2016;20,40184921;92,20419379;0,084289125;10,93161951;1
UAE;AE;2000;NA;78,33727407;0,576240914;53,10699409;0
UAE;AE;2007;69,18463153;65,25891104;0,914018648;27,77533684;1
UAE;AE;2009;42,09862033;60,77393159;0,412642271;77,54664419;0
UAE;AE;2010;42,6149526;16,63375543;0,276341263;76,78923836;0
UAE;AE;2011;91,97441058;53,03259112;0,972567553;9,493961153;0
UAE;AE;2012;61,9457099;76,96143229;0,63477667;94,96583252;1
UAE;AE;2013;94,67015581;26,57414324;0,639414872;40,60358377;0
UAE;AE;2014;15,34064519;37,59886798;0,595827598;99,23524773;0
UAE;AE;2015;87,77489022;54,78695969;0,902871591;10,80014559;0
UAE;AE;2016;5,591282258;68,06242156;0,890360346;34,23535797;1
UK;GB;2000;86,33295763;40,09837183;0,588931007;29,94069763;1
UK;GB;2001;98,01391847;83,83969506;0,615676486;97,39845385;0
UK;GB;2002;13,34280929;65,90678204;0,921810279;28,59580649;0
UK;GB;2003;19,88585261;52,70111325;0,471300859;76,90223495;1
UK;GB;2004;NA;34,52482725;0,563087187;95,93573706;1
UK;GB;2005;85,78377979;42,54994031;0,721680209;82,31993781;1
UK;GB;2006;19,94736525;12,53343237;0,068786815;84,75129086;0
UK;GB;2007;17,73255116;38,66172196;0,221225176;39,70885015;0
UK;GB;2008;83,02187135;86,50673099;0,718516949;12,07219602;1
UK;GB;2009;23,41309168;29,04396617;0,552028391;97,82936678;1
UK;GB;2010;9,634494998;85,21305649;0,585509886;83,94312347;1
UK;GB;2011;77,91322307;65,15907263;0,847104484;41,4797312;1
UK;GB;2012;33,75136722;73,82517781;0,145966015;82,24466632;0
UK;GB;2013;14,51314781;8,285184772;0,34656708;32,92794008;0
UK;GB;2014;69,6524034;93,32753601;0,926200294;59,60078663;0
UK;GB;2015;3,226974922;80,24729884;0,667293748;77,41938409;0
UK;GB;2016;19,36415845;43,84178374;0,743315392;35,57835528;0
USA;US;2000;23,3049492;28,05709442;0,849518343;68,84775928;0
USA;US;2001;79,64240758;54,74956285;0,926787607;29,4558306;1
USA;US;2002;19,61209157;21,3713424;0,570886362;26,01877832;0
USA;US;2003;12,19526354;31,18004608;0,737898566;50,52839005;0
USA;US;2004;77,33450822;25,83003041;0,926299951;48,32836571;0
USA;US;2005;48,80559187;17,46415629;0,350620124;28,45601883;1
USA;US;2006;22,57700789;4,03058307;0,25357475;3,075761593;1
USA;US;2007;43,21103207;20,37180156;0,153192014;40,26692999;1
USA;US;2008;74,06399209;30,81271738;0,615790376;86,18104742;0
USA;US;2009;58,02357265;2,266755729;0,574706105;5,476574974;1
USA;US;2010;NA;32,07832038;0,884532151;47,3486587;1
USA;US;2011;55,04257461;74,44853429;0,140443704;10,97916404;1
USA;US;2012;65,18258302;81,40725131;0,626321324;43,91326366;1
USA;US;2013;46,54117014;3,741117365;0,675220791;50,69185691;0
USA;US;2014;38,47617474;97,79526298;0,6921601;23,35596042;1
USA;US;2015;91,44774902;90,0436324;NA;48,46395942;0
USA;US;2016;48,07174383;NA;0,227096015;45,48266764;1
Ukraine;UA;2000;89,25117587;83,28495056;0,814223428;45,36239916;0
Ukraine;UA;2001;80,73695728;80,57608094;0,369315569;27,43830127;1
Ukraine;UA;2002;15,41519569;NA;0,984726728;47,99533897;1
Ukraine;UA;2003;83,22935553;78,33174024;0,961977377;17,9763692;0
Ukraine;UA;2004;98,54711544;90,10676481;0,912070107;78,19936268;1
Ukraine;UA;2005;87,17400842;19,29804266;0,057666686;90,47741604;0
Ukraine;UA;2006;19,04500698;14,99696583;0,584473106;70,72792933;0
Ukraine;UA;2007;40,23840197;90,36206865;0,238005204;6,319647101;1
Ukraine;UA;2008;93,61395893;73,76049897;0,55944869;68,78050516;0
Ukraine;UA;2009;43,17081802;35,66631162;0,167847415;46,92557327;0
Ukraine;UA;2010;31,06587157;5,921580659;0,263036435;49,97897338;0
Ukraine;UA;2011;75,27036457;98,23676308;0,284835336;51,4144959;0
Ukraine;UA;2012;NA;71,46347517;0,168671058;21,22296341;0
Ukraine;UA;2013;50,18089212;21,28546658;0,483798727;40,56428056;1
Ukraine;UA;2014;72,07365742;NA;0,20954456;14,65232674;0
Ukraine;UA;2015;1,336564368;53,02380311;0,502161979;57,11487263;1
Ukraine;UA;2016;47,8985972;64,98762438;0,360860446;85,55049858;0
Uruguay;UY;2000;43,31781854;5,198785421;0,658563871;36,73278641;1
Uruguay;UY;2001;96,87722569;83,27406636;0,706002319;8,14757092;0
Uruguay;UY;2002;1,970563257;34,03127065;0,55387049;72,39708825;0
Uruguay;UY;2003;17,58992964;42,12300945;0,956708806;7,728757758;0
Uruguay;UY;2004;13,90687219;53,48292305;0,8695728;91,96816074;1
Uruguay;UY;2005;69,17099216;72,98078819;0,898432242;57,4904719;0
Uruguay;UY;2006;NA;27,48878566;0,06814277;91,08301093;0
Uruguay;UY;2007;22,77772245;1,152942499;0,656062182;83,25020157;0
Uruguay;UY;2008;42,27222302;69,60528284;0,60503491;6,408316415;0
Uruguay;UY;2009;60,30256746;12,03022815;0,358072122;46,65767584;1
Uruguay;UY;2010;39,06598421;94,95445285;0,864852096;38,6569818;0
Uruguay;UY;2011;80,56375041;NA;0,938068362;41,45287908;1
Uruguay;UY;2012;62,41358653;30,80798883;0,636011536;30,05712966;0
Uruguay;UY;2013;NA;56,36307072;0,064638876;26,14435396;0
Uruguay;UY;2014;83,32665172;51,39788214;0,002743468;35,3875334;1
Uruguay;UY;2015;18,68260645;33,54256645;0,087383121;49,28279381;1
Uruguay;UY;2016;1,958630073;NA;0,177814485;19,94439532;0
Venezuela;VE;2000;98,6791727;3,083529736;0,801146944;7,977642354;1
Venezuela;VE;2001;65,79118842;54,75557414;0,067917901;39,03819912;0
Venezuela;VE;2002;89,64228082;98,15140032;0,827088835;68,1651306;0
Venezuela;VE;2003;25,96490518;26,13289272;0,467317709;0,614560336;1
Venezuela;VE;2004;46,19916913;65,15641031;0,069533483;22,42567442;0
Venezuela;VE;2005;61,47690555;58,82348093;0,643950776;58,59528827;0
Venezuela;VE;2006;93,14172127;52,125139;0,822290638;16,88083717;0
Venezuela;VE;2007;45,59186823;7,131734275;0,618592428;40,15445275;1
Venezuela;VE;2008;91,73273517;71,48354987;0,48228132;0,038961889;0
Venezuela;VE;2009;14,15915671;NA;0,008804707;79,39122997;0
Venezuela;VE;2010;26,89599932;62,86353899;0,307084206;30,81037475;0
Venezuela;VE;2011;1,025899377;67,23003926;0,445032708;6,386344567;0
Venezuela;VE;2012;7,129540464;12,4322775;0,788226167;32,050547;0
Venezuela;VE;2013;64,09915571;30,7719655;0,823336709;64,96995239;0
Venezuela;VE;2014;NA;99,93274803;0,230508265;35,54036867;0
Venezuela;VE;2015;66,02625116;59,43908236;0,951788381;78,41517271;0
Venezuela;VE;2016;9,925340894;21,27489375;0,256873582;65,45650891;0
Vietnam;VN;2000;68,34549709;11,35424532;0,282677743;67,18938769;0
Vietnam;VN;2007;0,431567138;15,28285808;0,523152943;80,6611281;0
Vietnam;VN;2009;80,99853723;23,58574941;0,330281277;83,78584816;0
Vietnam;VN;2010;22,67566294;NA;0,903179221;84,68572777;0
Vietnam;VN;2011;67,87628173;83,30254982;0,123504081;37,98774858;1
Vietnam;VN;2012;NA;96,76755389;0,753520408;41,93077459;1
Vietnam;VN;2013;36,20903121;77,49680995;0,63340525;71,40021996;0
Vietnam;VN;2014;86,12108449;38,44794275;0,41318329;92,80542255;1
Vietnam;VN;2015;44,24292083;20,51511429;0,376073809;12,16554118;1
Vietnam;VN;2016;NA;70,73564989;0,040365823;32,65888998;0
