﻿<?xml version="1.0" encoding="UTF-8"?>
<map map_file="maps/fiji.swf" tl_long="176.899288" tl_lat="-12.509861" br_long="-178.502773" br_lat="-19.214814" zoom="147.619%" zoom_x="45.87%" zoom_y="-67.62%" long_wrap="true">
  <areas>
        <area mc_name="FJ_CE" title="Central"></area>
        <area mc_name="FJ_EA" title="Eastern"></area>
        <area mc_name="FJ_NO" title="Northern"></area>
        <area mc_name="FJ_RO" title="Rotuma"></area>
        <area mc_name="FJ_WE" title="Western"></area>
        <area title="borders" mc_name="borders_inside" color="#FFFFFF" balloon="false"></area>
        <area title="borders" mc_name="borders_outside" color="#FFFFFF" balloon="false" alpha="0"></area>
  </areas>
  <movies>
    <movie title="Suva" file="target" color="#CC0000" height="10" width="10" lat="-18.120484133415395" long="178.43728467822075" fixed_size="true"></movie>
  </movies>

  <labels>
    <label x="876" y="170" text_size="18" color="#FFFFFF" remain="false">
      <text>Fiji</text>
    </label>
  </labels>
</map>