﻿<?xml version="1.0" encoding="UTF-8"?>
<map map_file="maps/belarus.swf" tl_long="23.179181" tl_lat="56.1723" br_long="32.779435" br_lat="51.262636" zoom="85%" zoom_x="13.64%" zoom_y="8.64%">
  <areas>
    <area mc_name="BY_BR" title="Brest"></area>
    <area mc_name="BY_HO" title="Homyel' Gomel)"></area>
    <area mc_name="BY_HR" title="Hrodna (Grodno)"></area>
    <area mc_name="BY_MA" title="Mahilyow (Mogilev)"></area>
    <area mc_name="BY_MI" title="Minsk"></area>
    <area mc_name="BY_VI" title="Vitsyebsk (Vitebsk)"></area>
    <area mc_name="borders" title="borders" color="#FFFFFF" balloon="false"></area>
  </areas>

  <movies>
    <movie title="Minsk" file="target" color="#666666" height="10" width="10" lat="53.902555" long="27.5631" fixed_size="true"></movie>
  </movies>

  <labels>
    <label x="133" y="153" text_size="18" color="#FFFFFF" remain="false">
      <text>Belarus</text>
    </label>
  </labels>
</map>