﻿<?xml version="1.0" encoding="UTF-8"?>
<map map_file="maps/poland.swf" tl_long="14.123256" tl_lat="54.833687" br_long="24.148956" br_lat="49.002533" zoom="85%" zoom_x="32.09%" zoom_y="9.57%">
  <areas>
    <area mc_name="PL_WP" title="Greater Poland (Wielkopolskie)"></area>
    <area mc_name="PL_KP" title="Kuyavian-Pomeranian (Kujawsko-Pomorskie)"></area>
    <area mc_name="PL_MA" title="Lesser Poland (Małopolskie)"></area>
    <area mc_name="PL_LD" title="Łódź (Łódzkie)"></area>
    <area mc_name="PL_DS" title="Lower Silesian (Dolnośląskie)"></area>
    <area mc_name="PL_LU" title="Lublin (Lubelskie)"></area>
    <area mc_name="PL_LB" title="Lubusz (Lubuskie)"></area>
    <area mc_name="PL_MZ" title="Masovian (Mazowieckie)"></area>
    <area mc_name="PL_OP" title="Opole (Opolskie)"></area>
    <area mc_name="PL_PD" title="Podlaskie (Podlaskie)"></area>
    <area mc_name="PL_PM" title="Pomeranian (Pomorskie)"></area>
    <area mc_name="PL_SL" title="Silesian (Śląskie)"></area>
    <area mc_name="PL_PK" title="Subcarpathian (Podkarpackie)"></area>
    <area mc_name="PL_SK" title="Świętokrzyskie"></area>
    <area mc_name="PL_WN" title="Warmian-Masurian (Warmińsko-Mazurskie)"></area>
    <area mc_name="PL_ZP" title="West Pomeranian (Zachodniopomorskie)"></area>
    <area mc_name="borders" title="borders" color="#FFFFFF" balloon="false"></area>
  </areas>

  <movies>
    <movie title="Warsaw" file="target" color="#666666" height="10" width="10" lat="52.23535" long="21.00936" fixed_size="true"></movie>
  </movies>

  <labels>
    <label x="133" y="153" text_size="18" color="#FFFFFF" remain="false">
      <text>Poland</text>
    </label>
  </labels>
</map>