<?xml version="1.0" encoding="UTF-8"?>
<map map_file="../examples/custom_areas/people.swf" zoom="100%" zoom_x="-4.09%" zoom_y="44.48%">
  <areas>
    <area mc_name="human1" title="John" zoom="346.3814%" zoom_x="18.8%" zoom_y="-62.31%"/>
    <area mc_name="human2" title="Katrin" zoom="499.6102%" zoom_x="-15.99%" zoom_y="-196.35%"/>
    <area mc_name="human3" title="Maria" zoom="397.4576%" zoom_x="-23.69%" zoom_y="-100.5%"/>
    <area mc_name="human4" title="Al" zoom="261.2542%" zoom_x="-19.52%" zoom_y="-18.87%"/>
    <area mc_name="human5" title="Sasha" zoom="652.839%" zoom_x="-154.82%" zoom_y="-239.26%"/>
    <area mc_name="human6" title="Martin" zoom="397.4576%" zoom_x="-106.84%" zoom_y="-74.96%"/>
    <area mc_name="human7" title="Rockstar" zoom="490" zoom_x="-191.43%" zoom_y="-106.72%"></area>
    <area mc_name="human8" title="Rocskstar's girlfriend" zoom="346.3814%" zoom_x="-142.79%" zoom_y="-85.61%"/>
    <area mc_name="human9" title="Adam" zoom="346.3814%" zoom_x="-167.31%" zoom_y="-54.45%"/>
    <area mc_name="human10" title="Curtney" zoom="346.3814%" zoom_x="-193.84%" zoom_y="-72.6%"/>
    <area mc_name="human11" title="Peter" zoom="346.3814%" zoom_x="-217.45%" zoom_y="-52.63%"/>
    <area mc_name="human12" title="Ana" zoom="567.7119%" zoom_x="-423.68%" zoom_y="-168.31%"/>
    <area mc_name="human13" title="Eva" zoom="414.4831%" zoom_x="-323.71%" zoom_y="-83.37%"/>
    <area mc_name="human14" title="Uma" zoom="414.4831%" zoom_x="-346.05%" zoom_y="-108.79%"/>  
  </areas>
</map>
