﻿<?xml version="1.0" encoding="UTF-8"?>
<map map_file="maps/burundi.swf" tl_long="28.999967" tl_lat="-2.308717" br_long="30.850839" br_lat="-4.470401" zoom="90%" zoom_x="54.18%" zoom_y="5.03%">
  <areas>
        <area mc_name="BI_BB" title="Bubanza"></area>
        <area mc_name="BI_BM" title="Bujumbura Mairie"></area>
        <area mc_name="BI_BU" title="Bujumbura Rural"></area>
        <area mc_name="BI_BR" title="Bururi"></area>
        <area mc_name="BI_CA" title="Cankuzo"></area>
        <area mc_name="BI_CI" title="Cibitoke"></area>
        <area mc_name="BI_GI" title="Gitega"></area>
        <area mc_name="BI_KR" title="Karuzi"></area>
        <area mc_name="BI_KY" title="Kayanza"></area>
        <area mc_name="BI_KI" title="Kirundo"></area>
        <area mc_name="BI_MA" title="Makamba"></area>
        <area mc_name="BI_MV" title="Muramvya"></area>
        <area mc_name="BI_MY" title="Muyinga"></area>
        <area mc_name="BI_MW" title="Mwaro"></area>
        <area mc_name="BI_NG" title="Ngozi"></area>
        <area mc_name="BI_RT" title="Rutana"></area>
        <area mc_name="BI_RY" title="Ruyigi"></area>
        <area mc_name="BI_RY" title="Ruyigi"></area>
        <area mc_name="BI_LKT" title="Lake Tanganyika &#60;br/&#62;(Burundi portion)" color="#0098FF" balloon="true"></area>
        <area mc_name="borders_lake"  title="Lake Tanganyika border" color="#0066FF" balloon="false"></area>
        <area title="borders" mc_name="borders_inside" color="#FFFFFF" balloon="false"></area>
        <area title="borders" mc_name="borders_outside" color="#FFFFFF" balloon="false" alpha="0"></area>
  </areas>
  <movies>
    <movie title="Bujumbura" file="target" color="#CC0000" height="10" width="10" lat="-3.37249" long="29.35607" fixed_size="true"></movie>
  </movies>

  <labels>
    <label x="876" y="170" text_size="18" color="#FFFFFF" remain="false">
      <text>Burundi</text>
    </label>
  </labels>
</map>