<?xml version="1.0" encoding="UTF-8"?>
<map map_file="maps/oman.swf" tl_long="51.882282" tl_lat="26.388331" br_long="59.839677" br_lat="16.641842" zoom="90%" zoom_x="42.22%" zoom_y="5.67%">
  <areas>

<!-- Oman -->
    <area mc_name="OM_SH" title="Ash Sharqiyah"/>
    <area mc_name="OM_JA" title="Dhofar"/>
    <area mc_name="OM_MU" title="Musandam"/>
    <area mc_name="OM_BU" title="Al Buraymi"/>
    <area mc_name="OM_DA" title="Al Dakhliyah"/>
    <area mc_name="OM_WU" title="Al Wusta"/>
    <area mc_name="OM_MA" title="Muscat"/>
    <area mc_name="OM_DH" title="Al Dhahira"/>
    <area mc_name="OM_BA" title="Al Batinah"/>

<!-- UAE areas in between Omani terrotories -->
    <area mc_name="AE_NZ1" title="Neutral Zone - UAE" color="#DEDEDE"/>
    <area mc_name="AE_NZ2" title="Neutral Zone - UAE" color="#DEDEDE"/>
    <area mc_name="AE_DU" title="Dubay - UAE" color="#DEDEDE"/>
    <area mc_name="AE_FU" title="Fujayrah - UAE" color="#DEDEDE"/>
    <area mc_name="AE_RK" title="Ras Al Khaymah - UAE" color="#DEDEDE"/>
    <area mc_name="AE_SH" title="Sharjah - UAE" color="#DEDEDE"/>

<!-- Borders -->
    <area title="borders_inside" mc_name="borders_inside_OM" color="#ffffff" balloon="false"></area>
    <area title="borders_outside" mc_name="borders_outside_OM" color="#ffffff" balloon="false"></area>
    <area title="borders_inside" mc_name="borders_inside_AE" color="#999999" balloon="false"></area>
    <area title="borders_outside" mc_name="borders_outside_AE" color="#999999" balloon="false"></area>
  </areas>

  <movies>
    <movie title="Muscat" file="target" color="#CC0000" height="10" width="10" lat="23.599445" long="58.576069" fixed_size="true"></movie>
  </movies>

  <labels>
    <label x="198" y="535" text_size="18" color="#FFFFFF" remain="false">
      <text>Oman</text>
    </label>
  </labels>
</map>

