<?xml version="1.0" encoding="UTF-8"?>
<map map_file="maps/bhutan.swf" tl_long="88.751103" tl_lat="28.324992" br_long="92.120700" br_lat="26.699031" zoom="90%" zoom_x="6.01%" zoom_y="7.17%">

  <areas>
      <area mc_name="BT_BU" title="Bumthang"></area>
      <area mc_name="BT_CK" title="Chhukha"></area>
      <area mc_name="BT_CR" title="Chirang"></area>
      <area mc_name="BT_DA" title="Daga"></area>
      <area mc_name="BT_GA" title="Gasa"></area>
      <area mc_name="BT_GE" title="Geylegphug"></area>
      <area mc_name="BT_HA" title="Ha"></area>
      <area mc_name="BT_LH" title="Lhuntshi"></area>
      <area mc_name="BT_MO" title="Mongar"></area>
      <area mc_name="BT_PR" title="Paro"></area>
      <area mc_name="BT_PM" title="Pemagatsel"></area>
      <area mc_name="BT_PN" title="Punakha"></area>
      <area mc_name="BT_SM" title="Samchi"></area>
      <area mc_name="BT_SJ" title="Samdrup Jongkhar"></area>
      <area mc_name="BT_SG" title="Shemgang"></area>
      <area mc_name="BT_TA" title="Tashigang"></area>
      <area mc_name="BT_TY" title="Tashi Yangtse"></area>
      <area mc_name="BT_TM" title="Thimphu"></area>
      <area mc_name="BT_TO" title="Tongsa"></area>
      <area mc_name="BT_WP" title="Wangdi Phodrang"></area>
      <area title="borders" mc_name="borders_outside" color="#ffffff" balloon="false" alpha="0"></area>
      <area title="borders" mc_name="borders_inside" color="#ffffff" balloon="false"></area>
  </areas>

  <movies>
    <movie title="Thimphu" file="target" color="#CC0000" height="10" width="10" lat="27.466" long="89.663002" fixed_size="true"></movie>
  </movies>

  <labels>
    <label x="730" y="75" text_size="18" color="#FFFFFF" remain="false">
      <text>Bhutan</text>
    </label>
  </labels>
</map>