﻿<?xml version="1.0" encoding="UTF-8"?>
<map map_file="maps/congo.swf" tl_long="11.177901" tl_lat="3.703587" br_long="18.650411" br_lat="-5.031620" zoom="90%" zoom_x="28.69%" zoom_y="5.16%">
  <areas>
      <area mc_name="CG_BO" title="Bouenza"></area>
      <area mc_name="CG_BR" title="Brazzaville"></area>
      <area mc_name="CG_CU" title="Cuvette"></area>
      <area mc_name="CG_CO" title="Cuvette-Ouest"></area>
      <area mc_name="CG_KL" title="Kouilou"></area>
      <area mc_name="CG_LE" title="Lékoumou"></area>
      <area mc_name="CG_LI" title="Likouala"></area>
      <area mc_name="CG_NI" title="Niari"></area>
      <area mc_name="CG_PL" title="Plateaux"></area>
      <area mc_name="CG_PN" title="Pointe-Noire"></area>
      <area mc_name="CG_PO" title="Pool"></area>
      <area mc_name="CG_SA" title="Sangha"></area>
      <area title="borders" mc_name="borders_outside" color="#FFFFFF" balloon="false" alpha="0"></area>
      <area title="borders" mc_name="borders_inside" color="#FFFFFF" balloon="false"></area>
  </areas>

  <movies>
    <movie title="Brazzaville" file="target" color="#CC0000" height="10" width="10" lat="-4.268347" long="15.284177" fixed_size="true"></movie>
  </movies>

  <labels>
    <label x="680" y="430" text_size="18" color="#FFFFFF" remain="false">
      <text>Republic of the Congo</text>
    </label>
  </labels>
</map>