<?xml version="1.0" encoding="UTF-8"?>
<map map_file="maps/germany.swf" tl_long="5.8655" tl_lat="55.05723" br_long="15.043089" br_lat="47.269633" zoom="80%" zoom_x="48.78%" zoom_y="8.78%">

  <areas>
    <area mc_name="DE_BW" title="Baden-Wurttemberg"></area>
    <area mc_name="DE_BY" title="Bavaria (Bayern)"></area>
    <area mc_name="DE_BE" title="Berlin"></area>
    <area mc_name="DE_BB" title="Brandenburg"></area>
    <area mc_name="DE_HB" title="Bremen"></area>
    <area mc_name="DE_HH" title="Hamburg"></area>
    <area mc_name="DE_HE" title="Hesse (Hessen)"></area>
    <area mc_name="DE_MV" title="Mecklenburg-Vorpommern"></area>
    <area mc_name="DE_NI" title="Lower Saxony (Niedersachsen)"></area>
    <area mc_name="DE_NW" title="North Rhine-Westphalia (Nordrhein-Westfalen)"></area>
    <area mc_name="DE_RP" title="Rhineland-Palatinate (Rheinland-Pfalz)"></area>
    <area mc_name="DE_SL" title="Saarland"></area>
    <area mc_name="DE_SN" title="Saxony (Sachsen)"></area>
    <area mc_name="DE_ST" title="Saxony-Anhalt (Sachsen-Anhalt)"></area>
    <area mc_name="DE_SH" title="Schleswig-Holstein"></area>
    <area mc_name="DE_TH" title="Thuringia (Thuringen)"></area>
    <area mc_name="borders" title="borders" color="#FFFFFF" balloon="false"></area>
  </areas>

  <movies>
    <movie title="Berlin" file="target" color="#666666" height="10" width="10" lat="52.516074" long="13.376987" fixed_size="true"></movie>
  </movies>

  <labels>
    <label x="13.4234%" y="4.6857%" text_size="18" color="#FFFFFF" remain="false">
      <text>Germany</text>
    </label>
  </labels>
</map>