﻿<?xml version="1.0" encoding="UTF-8"?>
<map map_file="maps/cameroon.swf" tl_long="8.498445" tl_lat="12.872731" br_long="16.192571" br_lat="1.652013" zoom="90%" zoom_x="72.34%" zoom_y="5.02%">
  <areas>
    <area mc_name="CM_AD" title="Adamaoua"></area>
    <area mc_name="CM_CE" title="Centre"></area>
    <area mc_name="CM_ES" title="Est"></area>
    <area mc_name="CM_EN" title="Extrême-Nord"></area>
    <area mc_name="CM_LT" title="Littoral"></area>
    <area mc_name="CM_NO" title="Nord"></area>
    <area mc_name="CM_NW" title="Nord-Ouest"></area>
    <area mc_name="CM_OU" title="Ouest"></area>
    <area mc_name="CM_SU" title="Sud"></area>
    <area mc_name="CM_SW" title="Sud-Ouest"></area>
    <area title="borders" mc_name="borders_outside" color="#FFFFFF" balloon="false" alpha="0"></area>
    <area title="borders" mc_name="borders_inside" color="#FFFFFF" balloon="false"></area>
  </areas>

  <movies>
    <movie title="Yaoundé" file="target" color="#CC0000" height="10" width="10" lat="3.87230431956834" long="11.522001475095749" fixed_size="true"></movie>
  </movies>

  <labels>
    <label x="800" y="532" text_size="18" color="#FFFFFF" remain="false">
      <text>Cameroon</text>
    </label>
  </labels>
</map>