<?xml version="1.0" encoding="UTF-8"?>
<map map_file="maps/italy.swf" tl_long="6.6254" tl_lat="47.0925" br_long="18.52" br_lat="35.4913" zoom="100.0692%" zoom_x="30.71%" zoom_y="0.42%">
  <areas>
    <area mc_name="ITA_abruzzo" title="Abruzzo"></area>
    <area mc_name="ITA_aosta_valley" title="Aosta Valley"></area>
    <area mc_name="ITA_apulia" title="Apulia"></area>
    <area mc_name="ITA_basilicata" title="Basilicata"></area>
    <area mc_name="ITA_calabria" title="Calabria"></area>
    <area mc_name="ITA_campania" title="Campania"></area>
    <area mc_name="ITA_emilia_romagna" title="Emilia-Romagna"></area>
    <area mc_name="ITA_friuli_venezia_giulia" title="Friuli-Venezia Giulia"></area>
    <area mc_name="ITA_lazio" title="Lazio"></area>
    <area mc_name="ITA_liguria" title="Liguria"></area>
    <area mc_name="ITA_lombardy" title="Lombardy"></area>
    <area mc_name="ITA_marche" title="Marche"></area>
    <area mc_name="ITA_molise" title="Molise"></area>
    <area mc_name="ITA_piedmont" title="Piedmont"></area>
    <area mc_name="ITA_sardinia" title="Sardinia"></area>
    <area mc_name="ITA_sicily" title="Sicily"></area>
    <area mc_name="ITA_trentino_alto" title="Trentino-Alto"></area>
    <area mc_name="ITA_tuscany" title="Tuscany"></area>
    <area mc_name="ITA_umbria" title="Umbria"></area>
    <area mc_name="ITA_veneto" title="Veneto"></area>
    <!-- Other areas -->
    <area mc_name="VAT" title="Vatican City (Holy See)" color="#FF6600" alpha="0"></area><!-- Change alpha value to see Vatican City area-->
    <area mc_name="SMR" title="San Marino" color="#FF6600"></area>
    <area mc_name="FR_H" title="Corsica (Corse) - France" color="#FF6600"></area>
    <area mc_name="MLT" title="Malta" color="#FF6600"></area>
  </areas>
  <movies>
    <movie title="Rome. Click to zoom" file="target" color="#CC0000" width="15" height="15" long="12.496078" lat="41.902342" zoom="1099.4048%" zoom_x="-409.88%" zoom_y="-470.35%" fixed_size="true"></movie>
    <!--<movie title="Vatican City" file="circle" color="#CC0000" width="5" height="5" long="12.452476" lat="41.903619" fixed_size="true"></movie>--><!--Vatican City is so small it is the same size as a #5 circle symbol-->
  </movies>
  <labels>
    <label x="26.8585%" y="67.8984%" text_size="18" color="#FFFFFF" remain="false">
      <text>Regions of Italy</text>
    </label>
  </labels>
</map>