<?xml version="1.0" encoding="UTF-8"?>
<map map_file="maps/slovenia.swf" tl_long="13.373277" tl_lat="46.875695" br_long="16.593946" br_lat="45.42171" zoom="85%" zoom_x="8.51%" zoom_y="10.32%">
  <areas>
    <area mc_name="SI_GO" title="Gorenjska"></area>
    <area mc_name="SI_SP" title="Goriška"></area>
    <area mc_name="SI_JS" title="Jugovzhodna Slovenija"></area>
    <area mc_name="SI_KO" title="Koroška"></area>
    <area mc_name="SI_NO" title="Notranjsko-kraška"></area>
    <area mc_name="SI_JP" title="Obalno-kraška"></area>
    <area mc_name="SI_LJ" title="Osrednjeslovenska"></area>
    <area mc_name="SI_PD" title="Podravska"></area>
    <area mc_name="SI_PM" title="Pomurska"></area>
    <area mc_name="SI_SA" title="Savinjska"></area>
    <area mc_name="SI_PS" title="Spodnjeposavska"></area>
    <area mc_name="SI_ZS" title="Zasavska"></area>
    <area mc_name="borders" title="borders" color="#FFFFFF" balloon="false"></area>
  </areas>

  <movies>
    <movie title="Ljubljana" file="target" color="#666666" height="10" width="10" lat="46.051244" long="14.503061" fixed_size="true"></movie>
  </movies>

  <labels>
    <label x="357" y="183" text_size="18" color="#FFFFFF" remain="false">
      <text>Slovenia</text>
    </label>
  </labels>
</map>