﻿<?xml version="1.0" encoding="UTF-8"?>
<map map_file="maps/burkina_faso.swf" tl_long="-5.519305" tl_lat="15.082924" br_long="2.405782" br_lat="9.400655" zoom="90%" zoom_x="28.69%" zoom_y="5.16%">
  <areas>
    <area mc_name="BF01" title="Boucle du Mouhoun"></area>
    <area mc_name="BF02" title="Cascades"></area>
    <area mc_name="BF03" title="Centre"></area>
    <area mc_name="BF04" title="Centre Est"></area>
    <area mc_name="BF05" title="Centre Nord"></area>
    <area mc_name="BF06" title="Centre Ouest"></area>
    <area mc_name="BF07" title="Centre Sud"></area>
    <area mc_name="BF08" title="Est"></area>
    <area mc_name="BF09" title="Hauts Bassins"></area>
    <area mc_name="BF10" title="Nord"></area>
    <area mc_name="BF11" title="Plateau Central"></area>
    <area mc_name="BF12" title="Sahel"></area>
    <area mc_name="BF13" title="Sud-Ouest"></area>
    <area title="borders" mc_name="borders_outside" color="#FFFFFF" balloon="false" alpha="0"></area>
    <area title="borders" mc_name="borders_inside" color="#FFFFFF" balloon="false"></area>
  </areas>

  <movies>
    <movie title="Ouagadougou" file="target" color="#CC0000" height="10" width="10" lat="12.363310459116082" long="-1.5292413532733917" fixed_size="true"></movie>
  </movies>

  <labels>
    <label x="800" y="532" text_size="18" color="#FFFFFF" remain="false">
      <text>Burkina Faso</text>
    </label>
  </labels>
</map>