<?xml version="1.0" encoding="UTF-8"?>
<map map_file="maps/pakistan.swf" tl_long="60.899841" tl_lat="37.096364" br_long="77.843032" br_lat="23.704032" zoom="90%" zoom_x="15.42%" zoom_y="3.33%">
  <areas>
    <area mc_name="PK_JK" title="Azad Kashmir"/>
    <area mc_name="PK_BA" title="Balochistan"/>
    <area mc_name="PK_TA" title="Federally Administered Tribal Areas"/>
    <area mc_name="PK_NA" title="Gilgit-Baltistan"/>
    <area mc_name="PK_IS" title="Islamabad Capital Territory"/>
    <area mc_name="PK_NW" title="North-West Frontier"/>
    <area mc_name="PK_PB" title="Punjab"/>
    <area mc_name="PK_SD" title="Sindh"/>
    <area title="borders" mc_name="borders_outside" color="#ffffff" balloon="false" alpha="0"></area>
    <area title="borders" mc_name="borders_inside" color="#ffffff" balloon="false"></area>
  </areas>

  <movies>
    <movie title="Islamabad" file="target" color="#666666" height="10" width="10" lat="33.718121" long="73.093765" fixed_size="true"></movie>
  </movies>

  <labels>
    <label x="999" y="423" text_size="18" color="#FFFFFF" remain="false">
      <text>Pakistan</text>
    </label>
  </labels>
</map>