<?xml version="1.0" encoding="UTF-8"?>
<map map_file="maps/indonesia.swf" tl_long="95.220250" tl_lat="7.356525" br_long="141.009728" br_lat="-10.945854" zoom="90%" zoom_x="6.01%" zoom_y="7.17%">

  <areas>
      <area mc_name="ID_AC" title="Aceh"></area>
      <area mc_name="ID_BA" title="Bali"></area>
      <area mc_name="ID_BB" title="Bangka-Belitung"></area>
      <area mc_name="ID_BT" title="Banten"></area>
      <area mc_name="ID_BE" title="Bengkulu"></area>
      <area mc_name="ID_GO" title="Gorontalo"></area>
      <area mc_name="ID_JK" title="Jakarta Raya"></area>
      <area mc_name="ID_JA" title="Jambi"></area>
      <area mc_name="ID_JR" title="Jawa Barat"></area>
      <area mc_name="ID_JT" title="Jawa Tengah"></area>
      <area mc_name="ID_JI" title="Jawa Timur"></area>
      <area mc_name="ID_KB" title="Kalimantan Barat"></area>
      <area mc_name="ID_KS" title="Kalimantan Selatan"></area>
      <area mc_name="ID_KT" title="Kalimantan Tengah"></area>
      <area mc_name="ID_KI" title="Kalimantan Timur"></area>
      <area mc_name="ID_KR" title="Kepulauan Riau"></area>
      <area mc_name="ID_LA" title="Lampung"></area>
      <area mc_name="ID_MA" title="Maluku"></area>
      <area mc_name="ID_MU" title="Maluku Utara"></area>
      <area mc_name="ID_NB" title="Nusa Tenggara Barat"></area>
      <area mc_name="ID_NT" title="Nusa Tenggara Timur"></area>
      <area mc_name="ID_PA" title="Papua"></area>
      <area mc_name="ID_IB" title="Papua Barat"></area>
      <area mc_name="ID_RI" title="Riau"></area>
      <area mc_name="ID_SR" title="Sulawesi Barat"></area>
      <area mc_name="ID_SE" title="Sulawesi Selatan"></area>
      <area mc_name="ID_ST" title="Sulawesi Tengah"></area>
      <area mc_name="ID_SG" title="Sulawesi Tenggara"></area>
      <area mc_name="ID_SW" title="Sulawesi Utara"></area>
      <area mc_name="ID_SB" title="Sumatera Barat"></area>
      <area mc_name="ID_SL" title="Sumatera Selatan"></area>
      <area mc_name="ID_SU" title="Sumatera Utara"></area>
      <area mc_name="ID_YO" title="Yogyakarta"></area>
      <area mc_name="BN" title="Brunei Darussalam"></area>
      <area mc_name="MY_SA" title="Sabah, MY"></area>
      <area mc_name="MY_SK" title="Sarawak, MY"></area>
      <area mc_name="TL" title="Timor-Leste"></area>
      <area mc_name="borders_outside" color="#FFFFFF" balloon="false" alpha="0"></area>
      <area mc_name="borders_inside" color="#FFFFFF" balloon="false"></area>
      <area mc_name="other_borders_outside" color="#FFFFFF" balloon="false" alpha="0"></area>
      <area mc_name="other_borders_inside" color="#FFFFFF" balloon="false"></area>
  </areas>

  <movies>
    <movie title="Jarkarta" file="target" color="#CC0000" height="10" width="10" lat="-6.17144" long="106.82782" fixed_size="true"></movie>
  </movies>

  <labels>
    <label x="730" y="75" text_size="18" color="#FFFFFF" remain="false">
      <text>Indonesia</text>
    </label>
  </labels>
</map>