﻿<?xml version="1.0" encoding="UTF-8"?>
<map map_file="maps/finland.swf" tl_long="19.475171" tl_lat="70.092233" br_long="31.589434" br_lat="59.808408" zoom="90%" zoom_x="36.68%" zoom_y="4.51%">
  <areas>
    <area mc_name="FI_09" title="Etelä-Karjala (South Karelia)"/>
    <area mc_name="FI_14" title="Etelä-Pohjanmaa (Southern Ostrobothnia)"/>
    <area mc_name="FI_10" title="Etelä-Savo (Southern Savonia)"/>
    <area mc_name="FI_20" title="Itä-Uusimaa (Eastern Uusimaa)"/>
    <area mc_name="FI_18" title="Kainuu"/>
    <area mc_name="FI_05" title="Kanta-Häme (Tavastia Proper)"/>
    <area mc_name="FI_16" title="Keski-Pohjanmaabotten (Central Ostrobothnia)"/>
    <area mc_name="FI_13" title="Keski-Suomi (Central Finland)"/>
    <area mc_name="FI_08" title="Kymenlaakso"/>
    <area mc_name="FI_19" title="Lappi (Lapland)"/>
    <area mc_name="FI_07" title="Päijät-Häme (Päijänne Tavastia)"/>
    <area mc_name="FI_06" title="Pirkanmaa"/>
    <area mc_name="FI_15" title="Pohjanmaa (Ostrobothnia)"/>
    <area mc_name="FI_12" title="Pohjois-Karjala (North Karelia)"/>
    <area mc_name="FI_17" title="Pohjois-Pohjanmaa (Northern Ostrobothnia)"/>
    <area mc_name="FI_11" title="Pohjois-Savo (Northern Savonia)"/>
    <area mc_name="FI_04" title="Satakunta"/>
    <area mc_name="FI_01" title="Uusimaa"/>
    <area mc_name="FI_02" title="Varsinais-Suomi (Finland Proper)"/>
    <area mc_name="AX" title="Åland Islands" color="#ff9900"/>
    <area title="borders" mc_name="borders_Aland" color="#ffffff" balloon="false"></area>
    <area title="borders" mc_name="borders" color="#ffffff" balloon="false"></area>
  </areas>

  <movies>
    <movie title="Helsinki" file="target" color="#CC0000" height="10" width="10" lat="60.17116" long="24.93258" fixed_size="true"></movie>
    <movie title="Mariehamn" file="target" color="#CC0000" height="10" width="10" lat="60.114182" long="19.93779" fixed_size="true"></movie>
  </movies>

  <labels>
    <label x="181" y="431" text_size="18" color="#FFFFFF" remain="false">
      <text>Finland</text>
    </label>
  </labels>
</map>