<?xml version="1.0" encoding="UTF-8"?>
<map map_file="maps/macedonia.swf" tl_long="20.455561" tl_lat="42.338669" br_long="23.006302" br_lat="40.855134" zoom="90%" zoom_x="37.72%" zoom_y="7.62%">
  <areas>
      <area mc_name="MK_AD" title="Aerodrom"></area>
      <area mc_name="MK_AR" title="Aračinovo"></area>
      <area mc_name="MK_BR" title="Berovo"></area>
      <area mc_name="MK_TL" title="Bitola"></area>
      <area mc_name="MK_BG" title="Bogdanci"></area>
      <area mc_name="MK_VJ" title="Bogovinje"></area>
      <area mc_name="MK_BS" title="Bosilovo"></area>
      <area mc_name="MK_BN" title="Brvenica"></area>
      <area mc_name="MK_BU" title="Butel"></area>
      <area mc_name="MK_CE" title="Centar"></area>
      <area mc_name="MK_CZ" title="Centar Župa"></area>
      <area mc_name="MK_CI" title="Čair"></area>
      <area mc_name="MK_CA" title="Čaška"></area>
      <area mc_name="MK_CH" title="Češinovo-Obleševo"></area>
      <area mc_name="MK_CS" title="Čučer Sandevo"></area>
      <area mc_name="MK_DB" title="Debar"></area>
      <area mc_name="MK_DA" title="Debartsa"></area>
      <area mc_name="MK_DL" title="Delčevo"></area>
      <area mc_name="MK_DM" title="Demir Hisar"></area>
      <area mc_name="MK_DK" title="Demir Kapija"></area>
      <area mc_name="MK_SD" title="Dojran"></area>
      <area mc_name="MK_DE" title="Dolneni"></area>
      <area mc_name="MK_DR" title="Drugovo"></area>
      <area mc_name="MK_GB" title="Gazi Baba"></area>
      <area mc_name="MK_GV" title="Gevgelija"></area>
      <area mc_name="MK_GP" title="Gjorče Petrov"></area>
      <area mc_name="MK_GT" title="Gostivar"></area>
      <area mc_name="MK_GR" title="Gradsko"></area>
      <area mc_name="MK_IL" title="Ilinden"></area>
      <area mc_name="MK_JG" title="Jegunovtse"></area>
      <area mc_name="MK_KB" title="Karbinci"></area>
      <area mc_name="MK_KX" title="Karpoš"></area>
      <area mc_name="MK_AV" title="Kavadartsi"></area>
      <area mc_name="MK_KH" title="Kičevo"></area>
      <area mc_name="MK_VD" title="Kisela Voda"></area>
      <area mc_name="MK_OC" title="Kočani"></area>
      <area mc_name="MK_KN" title="Konče"></area>
      <area mc_name="MK_KY" title="Kratovo"></area>
      <area mc_name="MK_KZ" title="Kriva Palanka"></area>
      <area mc_name="MK_KG" title="Krivogaštani"></area>
      <area mc_name="MK_KS" title="Kruševo"></area>
      <area mc_name="MK_UM" title="Kumanovo"></area>
      <area mc_name="MK_LI" title="Lipkovo"></area>
      <area mc_name="MK_LO" title="Lozovo"></area>
      <area mc_name="MK_MK" title="Makedonska Kamenica"></area>
      <area mc_name="MK_MD" title="Makedonski Brod"></area>
      <area mc_name="MK_MR" title="Mavrovo and Rostuša"></area>
      <area mc_name="MK_MG" title="Mogila"></area>
      <area mc_name="MK_NG" title="Negotino"></area>
      <area mc_name="MK_NV" title="Novatsi"></area>
      <area mc_name="MK_NS" title="Novo Selo"></area>
      <area mc_name="MK_OD" title="Ohrid"></area>
      <area mc_name="MK_OS" title="Oslomej"></area>
      <area mc_name="MK_PH" title="Pehčevo"></area>
      <area mc_name="MK_PE" title="Petrovec"></area>
      <area mc_name="MK_PN" title="Plasnica"></area>
      <area mc_name="MK_PP" title="Prilep"></area>
      <area mc_name="MK_PT" title="Probištip"></area>
      <area mc_name="MK_RV" title="Radoviš"></area>
      <area mc_name="MK_RN" title="Rankovce"></area>
      <area mc_name="MK_RE" title="Resen"></area>
      <area mc_name="MK_RM" title="Rosoman"></area>
      <area mc_name="MK_AJ" title="Saraj"></area>
      <area mc_name="MK_ST" title="Štip"></area>
      <area mc_name="MK_SO" title="Šuto Orizari"></area>
      <area mc_name="MK_SS" title="Sopište"></area>
      <area mc_name="MK_NA" title="Staro Nagoričane"></area>
      <area mc_name="MK_UG" title="Struga"></area>
      <area mc_name="MK_RU" title="Strumitsa"></area>
      <area mc_name="MK_SU" title="Studeničani"></area>
      <area mc_name="MK_SL" title="Sveti Nikole"></area>
      <area mc_name="MK_TR" title="Tearce"></area>
      <area mc_name="MK_ET" title="Tetovo"></area>
      <area mc_name="MK_VA" title="Valandovo"></area>
      <area mc_name="MK_VL" title="Vasilevo"></area>
      <area mc_name="MK_VE" title="Veles"></area>
      <area mc_name="MK_VV" title="Vevčani"></area>
      <area mc_name="MK_NI" title="Vinitsa"></area>
      <area mc_name="MK_VC" title="Vraneštica"></area>
      <area mc_name="MK_VH" title="Vrapčište"></area>
      <area mc_name="MK_ZA" title="Zajas"></area>
      <area mc_name="MK_ZK" title="Zelenikovo"></area>
      <area mc_name="MK_ZE" title="Želino"></area>
      <area mc_name="MK_ZR" title="Zrnovci"></area>
      <area mc_name="MK_LOD" title="Lake Ohrid" color="#0098FF"></area>
      <area mc_name="MK_LSD" title="Lake Dojran" color="#0098FF"></area>
      <area mc_name="borders_lakes" title="lake borders" color="#0066FF" balloon="false"></area>
      <area mc_name="borders_inside" title="borders" color="#FFFFFF" balloon="false"></area>
      <area mc_name="borders_outside" title="borders" color="#FFFFFF" balloon="false" alpha="0"></area>
  </areas>

  <movies>
    <movie title="Skopje" file="target" color="#666666" height="10" width="10" lat="41.995998" long="21.431299" fixed_size="true"></movie>
  </movies>

  <labels>
    <label x="632" y="52" text_size="18" color="#FFFFFF" remain="false">
      <text>Macedonia</text>
    </label>
  </labels>
</map>