﻿<?xml version="1.0" encoding="UTF-8"?>
<map map_file="maps/samoa.swf" tl_long="-172.80423" tl_lat="-13.439767" br_long="-171.397615" br_lat="-14.077298" zoom="90%" zoom_x="7.76%" zoom_y="5.77%">
  <areas>
    <area mc_name="WS_AA" title="A`ana"></area>
    <area mc_name="WS_AL" title="Aiga-i-le-Tai"></area>
    <area mc_name="WS_AT" title="Atua"></area>
    <area mc_name="WS_FA" title="Fa`asaleleaga"></area>
    <area mc_name="WS_GE" title="Gaga`emauga"></area>
    <area mc_name="WS_GI" title="Gagaifomauga"></area>
    <area mc_name="WS_PA" title="Palauli"></area>
    <area mc_name="WS_SA" title="Satupa`itea"></area>
    <area mc_name="WS_TU" title="Tuamasaga"></area>
    <area mc_name="WS_VF" title="Va`a-o-Fonoti"></area>
    <area mc_name="WS_VS" title="Vaisigano"></area>
    <area title="borders" mc_name="borders_outside" color="#FFFFFF" balloon="false" alpha="0"></area>
    <area title="borders" mc_name="borders_inside" color="#FFFFFF" balloon="false"></area>
  </areas>

  <movies>
    <movie title="Apia" file="target" color="#CC0000" height="10" width="10" lat="-13.82216154776533" long="-171.80145263671875" fixed_size="true"></movie>
  </movies>

  <labels>
    <label x="787" y="205" text_size="18" color="#FFFFFF" remain="false">
      <text>Samoa</text>
    </label>
  </labels>
</map>