<?xml version="1.0" encoding="UTF-8"?>
<map map_file="maps/bosnia1.swf" tl_long="15.7143" tl_lat="45.275629" br_long="19.6251" br_lat="42.561027" zoom="85%" zoom_x="24.84%" zoom_y="8.83%">
  <areas>
    <area mc_name="BA_BF" title="Federacija Bosna i Hercegovina"></area>
    <area mc_name="BA_SR" title="Republika Srpska"></area>
    <area mc_name="BA_BR" title="Distrikt Brčko"></area>
    <area mc_name="borders" title="borders" color="#FFFFFF" balloon="false"></area>
  </areas>

  <movies>
    <movie title="Sarajevo" file="target" color="#666666" height="10" width="10" lat="43.866667" long="18.416667" fixed_size="true"></movie>
  </movies>

  <labels>
    <label x="173" y="438" text_size="18" color="#FFFFFF" remain="false">
      <text>Bosnia and Herzegovina</text>
    </label>
  </labels>
</map>