<map map_file="maps/china.swf" tl_long="73.559248" tl_lat="53.560308" br_long="134.775703" br_lat="18.158606" zoom="95%" zoom_x="3.63%" zoom_y="2.68%">
  <areas>
    <area mc_name="CN_AH" title="Anhui"></area>
    <area mc_name="CN_BJ" title="Beijing"></area>
    <area mc_name="CN_CQ" title="Chongqing"></area>
    <area mc_name="CN_FJ" title="Fujian"></area>
    <area mc_name="CN_GS" title="Gansu"></area>
    <area mc_name="CN_GD" title="Guangdong"></area>
    <area mc_name="CN_GX" title="Guangxi Zhuang"></area>
    <area mc_name="CN_GZ" title="Guizhou"></area>
    <area mc_name="CN_HA" title="Hainan"></area>
    <area mc_name="CN_HB" title="Hebei"></area>
    <area mc_name="CN_HL" title="Heilongjiang"></area>
    <area mc_name="CN_HE" title="Henan"></area>
    <area mc_name="CN_HU" title="Hubei"></area>
    <area mc_name="CN_HN" title="Hunan"></area>
    <area mc_name="CN_NM" title="Inner Mongolia (Nei Mongol)"></area>
    <area mc_name="CN_JS" title="Jiangsu"></area>
    <area mc_name="CN_JX" title="Jiangxi"></area>
    <area mc_name="CN_JL" title="Jilin"></area>
    <area mc_name="CN_LN" title="Liaoning"></area>
    <area mc_name="CN_NX" title="Ningxia Hui"></area>
    <area mc_name="CN_QH" title="Quinghai"></area>
    <area mc_name="CN_SA" title="Shaanxi"></area>
    <area mc_name="CN_SD" title="Shandong"></area>
    <area mc_name="CN_SH" title="Shanghai"></area>
    <area mc_name="CN_SX" title="Shanxi"></area>
    <area mc_name="CN_SC" title="Sichuan"></area>
    <area mc_name="CN_TJ" title="Tianjin"></area>
    <area mc_name="CN_XZ" title="Tibet (Xizang)"></area>
    <area mc_name="CN_XJ" title="Xinjiang Uygur"></area>
    <area mc_name="CN_YN" title="Yunnan"></area>
    <area mc_name="CN_ZJ" title="Zhejiang"></area>
    <area mc_name="TW" title="Taiwan" color="#FF6600"></area>
    <area mc_name="HK" title="Hong Kong" color="#FF6600"></area>
    <area mc_name="MO" title="Macau (Macao)" color="#FF6600"></area>
    <area title="borders" mc_name="borders_outside" color="#ffffff" balloon="false" alpha="0"></area>
    <area title="borders" mc_name="borders_inside" color="#ffffff" balloon="false"></area>
  </areas>

  <movies>
    <movie title="Beijing" file="target" color="#CC0000" width="15" height="15" long="116.387909" lat="39.90601" fixed_size="true"></movie>
    <movie title="Hong Kong" file="circle" color="#000000" width="5" height="5" long="114.153542" lat="22.411249" fixed_size="true"></movie>
    <movie title="Macau" file="circle" color="#000000" width="5" height="5" long="113.5502" lat="22.1636915147872" fixed_size="true"></movie>    
    <movie title="Taipei" file="target" color="000000" width="10" height="10" long="121.564194" lat="25.080441" fixed_size="true"></movie>
  </movies>

  <labels>
    <label x="38.3693%" y="26.6968%" text_size="18" color="#FFFFFF" remain="false">
      <text>People's Republic of China</text>
    </label>
  </labels>
</map>