﻿<?xml version="1.0" encoding="UTF-8"?>
<map map_file="maps/djibouti.swf" tl_long="41.768974" tl_lat="12.712172" br_long="43.417514" br_lat="10.912107" zoom="90%" zoom_x="54.18%" zoom_y="5.03%">
  <areas>
      <area mc_name="DJ_AS" title="`Ali Sabieh"></area>
      <area mc_name="DJ_AR" title="Arta"></area>
      <area mc_name="DJ_DK" title="Dikhil"></area>
      <area mc_name="DJ_DB" title="Djibouti"></area>
      <area mc_name="DJ_OB" title="Obock"></area>
      <area mc_name="DJ_TA" title="Tadjourah"></area>
       <area title="borders" mc_name="borders_inside" color="#FFFFFF" balloon="false"></area>
       <area title="borders" mc_name="borders_outside" color="#FFFFFF" balloon="false" alpha="0"></area>
  </areas>
  <movies>
    <movie title="Djibouti City" file="target" color="#CC0000" height="10" width="10" lat="11.589182876743908" long="43.151210993528366" fixed_size="true"></movie>
  </movies>

  <labels>
    <label x="903" y="389" text_size="18" color="#FFFFFF" remain="false">
      <text>Djibouti</text>
    </label>
  </labels>
</map>