<?xml version="1.0" encoding="UTF-8"?>
<map map_file="maps/myanmar.swf" tl_long="92.187635" tl_lat="28.544348" br_long="101.177987" br_lat="9.377171" zoom="90%" zoom_x="129.44%" zoom_y="7.3%">

  <areas>
      <area mc_name="MM_AY" title="Ayeyarwady"></area>
      <area mc_name="MM_BA" title="Bago"></area>
      <area mc_name="MM_CH" title="Chin"></area>
      <area mc_name="MM_KC" title="Kachin"></area>
      <area mc_name="MM_KH" title="Kayah"></area>
      <area mc_name="MM_KN" title="Kayin"></area>
      <area mc_name="MM_MG" title="Magway"></area>
      <area mc_name="MM_MD" title="Mandalay"></area>
      <area mc_name="MM_MO" title="Mon"></area>
      <area mc_name="MM_RA" title="Rakhine"></area>
      <area mc_name="MM_SA" title="Sagaing"></area>
      <area mc_name="MM_SH" title="Shan"></area>
      <area mc_name="MM_TN" title="Tanintharyi"></area>
      <area mc_name="MM_YA" title="Yangon"></area>
      <area title="borders" mc_name="borders_outside" color="#FFFFFF" balloon="false" alpha="0"></area>
      <area title="borders" mc_name="borders_inside" color="#FFFFFF" balloon="false"></area>
  </areas>

  <movies>
    <movie title="Naypyidaw" file="target" color="#CC0000" height="10" width="10" lat="19.738173" long="96.207824" fixed_size="true"></movie>
  </movies>

  <labels>
    <label x="730" y="75" text_size="18" color="#FFFFFF" remain="false">
      <text>Myanmar</text>
    </label>
  </labels>
</map>