﻿<?xml version="1.0" encoding="UTF-8"?>
<map map_file="maps/andorra.swf" tl_long="1.414264" tl_lat="42.655568" br_long="1.794488" br_lat="42.42788" zoom="85%" zoom_x="22.22%" zoom_y="7.02%">
  <areas>
    <area mc_name="AD_AN" title="Andorra la Vella"></area>
    <area mc_name="AD_CA" title="Canillo"></area>
    <area mc_name="AD_EN" title="Encamp"></area>
    <area mc_name="AD_EE" title="Escaldes-Engordany"></area>
    <area mc_name="AD_MA" title="La Massana"></area>
    <area mc_name="AD_OR" title="Ordino"></area>
    <area mc_name="AD_JL" title="Sant Julià de Lòria"></area>
    <area mc_name="borders" title="borders" color="#FFFFFF" balloon="false"></area>
  </areas>

  <movies>
    <movie title="Andorra la Vella" file="target" color="#666666" height="10" width="10" lat="42.50637" long="1.52221" fixed_size="true"></movie>
  </movies>

  <labels>
    <label x="133" y="153" text_size="18" color="#FFFFFF" remain="false">
      <text>Andorra</text>
    </label>
  </labels>
</map>