<?xml version="1.0" encoding="UTF-8"?>
<map map_file="maps/luxembourg.swf" tl_long="5.736162" tl_lat="50.183525" br_long="6.530341" br_lat="49.447415" zoom="85%" zoom_x="64.6%" zoom_y="8.99%">
  <areas>
    <area mc_name="LU_D" title="Diekirch"></area>
    <area mc_name="LU_G" title="Grevenmacher"></area>
    <area mc_name="LU_L" title="Luxembourg"></area>
    <area mc_name="borders" title="borders" color="#FFFFFF" balloon="false"></area>
  </areas>

  <movies>
    <movie title="Luxembourg" file="target" color="#666666" height="10" width="10" lat="49.610321" long="6.132013" fixed_size="true"></movie>
  </movies>

  <labels>
    <label x="237" y="601" text_size="18" color="#FFFFFF" remain="false">
      <text>Districts of Luxembourg</text>
    </label>
  </labels>
</map>