<?xml version="1.0" encoding="UTF-8"?>
<map map_file="maps/bulgaria.swf" tl_long="22.35686" tl_lat="44.215773" br_long="28.61006" br_lat="41.235808" zoom="74.4048%" zoom_x="6.71%" zoom_y="13.01%">
  <areas>
    <area mc_name="BG_BL" title="Blagoevgrad"></area>
    <area mc_name="BG_BR" title="Burgas"></area>
    <area mc_name="BG_DO" title="Dobric"></area>
    <area mc_name="BG_GB" title="Gabrovo"></area>
    <area mc_name="BG_SG" title="Grad Sofija"></area>
    <area mc_name="BG_KK" title="Khaskovo"></area>
    <area mc_name="BG_KZ" title="Kurdzhali"></area>
    <area mc_name="BG_KY" title="Kjustendil"></area>
    <area mc_name="BG_LV" title="Lovech"></area>
    <area mc_name="BG_MT" title="Montana"></area>
    <area mc_name="BG_PZ" title="Pazardzhik"></area>
    <area mc_name="BG_PN" title="Pernik"></area>
    <area mc_name="BG_PV" title="Pleven"></area>
    <area mc_name="BG_PD" title="Plovdiv"></area>
    <area mc_name="BG_RG" title="Razgrad"></area>
    <area mc_name="BG_RS" title="Ruse"></area>
    <area mc_name="BG_SH" title="Shumen"></area>
    <area mc_name="BG_SI" title="Silistra"></area>
    <area mc_name="BG_SL" title="Sliven"></area>
    <area mc_name="BG_SM" title="Smoljan"></area>
    <area mc_name="BG_SF" title="Sofija"></area>
    <area mc_name="BG_SZ" title="Stara Zagora"></area>
    <area mc_name="BG_TU" title="Turgovishte"></area>
    <area mc_name="BG_VN" title="Varna"></area>
    <area mc_name="BG_VT" title="Veliko Turnovo"></area>
    <area mc_name="BG_VD" title="Vidin"></area>
    <area mc_name="BG_VR" title="Vratsa"></area>
    <area mc_name="BG_YA" title="Yambol"></area>
    <area mc_name="borders" title="borders" color="#FFFFFF" balloon="false"></area>
  </areas>

  <movies>
    <movie title="Sofia" file="target" color="#666666" height="10" width="10" lat="42.69708" long="23.32455" fixed_size="true"></movie>
  </movies>

  <labels>
    <label x="294" y="210" text_size="18" color="#FFFFFF" remain="false">
      <text>Bulgaria</text>
    </label>
  </labels>
</map>