<?xml version="1.0" encoding="UTF-8"?>
<map map_file="maps/malaysia.swf" tl_long="99.641321" tl_lat="7.362782" br_long="119.269335" br_lat="0.854361" zoom="85%" zoom_x="7.27%" zoom_y="59.25%">

  <areas>
<!-- Malaysia -->    
    <area mc_name="MY_JH" title="Johor"></area>
    <area mc_name="MY_KH" title="Kedah"></area>
    <area mc_name="MY_KN" title="Kelantan"></area>
    <area mc_name="MY_LA" title="Labuan"></area>
    <area mc_name="MY_ME" title="Melaka"></area>
    <area mc_name="MY_NS" title="Negeri Sembilan"></area>
    <area mc_name="MY_PH" title="Pahang"></area>
    <area mc_name="MY_PK" title="Perak"></area>
    <area mc_name="MY_PL" title="Perlis"></area>
    <area mc_name="MY_PG" title="Pulau Pinang"></area>
    <area mc_name="MY_SA" title="Sabah"></area>
    <area mc_name="MY_SK" title="Sarawak"></area>
    <area mc_name="MY_SL" title="Selangor"></area>
    <area mc_name="MY_TE" title="Terengganu"></area>
    <area mc_name="MY_inside_border" title="Malaysia internal borders" color="#FFFFFF" balloon="false"></area>
    <area mc_name="MY_outside_border" title="Malaysia external borders" color="#FFFFFF" balloon="false" alpha="0"></area>
<!-- Brunei --> 
    <area mc_name="BN" title="Brunei Darussalam" color="#DEDEDE"></area>
    <area mc_name="BN_inside_border" title="Brunei internal borders" color="#999999" balloon="false"></area>
    <area mc_name="BN_outside_border" title="Brunei external borders" color="#999999" balloon="false" alpha="0"></area>
  </areas>

  <movies>
    <movie title="Kuala Lumpur" file="target" color="#666666" height="10" width="10" lat="3.104635" long="101.690975" fixed_size="true"></movie>
    <movie title="Putrajaya" file="target" color="#666666" height="10" width="10" lat="2.95763" long="101.684517" fixed_size="true"></movie>
  </movies>

  <labels>
    <label x="133" y="153" text_size="18" color="#FFFFFF" remain="false">
      <text>Malaysia</text>
    </label>
  </labels>
</map>