<?xml version="1.0" encoding="UTF-8"?>
<map map_file="maps/jamaica.swf" tl_long="-78.369025" tl_lat="18.525093" br_long="-75.969816" br_lat="17.020347" zoom="90%" zoom_x="7.24%" zoom_y="21.38%">
  <areas>
    <area mc_name="JM_CL" title="Clarendon"></area>
    <area mc_name="JM_HA" title="Hanover"></area>
    <area mc_name="JM_KI" title="Kingston Parish"></area>
    <area mc_name="JM_MA" title="Manchester"></area>
    <area mc_name="JM_PO" title="Portland"></area>
    <area mc_name="JM_SD" title="Saint Andrew"></area>
    <area mc_name="JM_SN" title="Saint Ann"></area>
    <area mc_name="JM_SC" title="Saint Catherine"></area>
    <area mc_name="JM_SE" title="Saint Elizabeth"></area>
    <area mc_name="JM_SJ" title="Saint James"></area>
    <area mc_name="JM_SM" title="Saint Mary"></area>
    <area mc_name="JM_ST" title="Saint Thomas"></area>
    <area mc_name="JM_TR" title="Trelawny"></area>
    <area mc_name="JM_WE" title="Westmoreland"></area>
    <area title="borders_inside" mc_name="orders_inside" color="#ffffff" balloon="false"></area>
    <area title="borders_outside" mc_name="borders_outside" color="#ffffff" balloon="false"></area>
  </areas>

  <movies>
    <movie title="Kingston" file="target" color="#CC0000" height="10" width="10" lat="17.983333" long="-76.8" fixed_size="true"></movie>
  </movies>

  <labels>
    <label x="198" y="535" text_size="18" color="#FFFFFF" remain="false">
      <text>Jamaica</text>
    </label>
  </labels>
</map>

