<?xml version="1.0" encoding="UTF-8"?>
<map map_file="maps/swaziland.swf" tl_long="30.794004" tl_lat="-25.719618" br_long="32.137367" br_lat="-27.317195" zoom="90%" zoom_x="28.69%" zoom_y="5.16%">
  <areas>
      <area mc_name="SZ_HH" title="Hhohho"></area>
      <area mc_name="SZ_LU" title="Lubombo"></area>
      <area mc_name="SZ_MA" title="Manzini"></area>
      <area mc_name="SZ_SH" title="Shiselweni"></area>
      <area title="borders" mc_name="borders_outside" color="#FFFFFF" balloon="false" alpha="0"></area>
      <area title="borders" mc_name="borders_inside" color="#FFFFFF" balloon="false"></area>
  </areas>

  <movies>
    <movie title="Mbabane" file="target" color="#CC0000" height="10" width="10" lat="-26.32642" long="31.140824" fixed_size="true"></movie>
  </movies>

  <labels>
    <label x="813" y="440" text_size="18" color="#FFFFFF" remain="false">
      <text>Swaziland</text>
    </label>
  </labels>
</map>