﻿<?xml version="1.0" encoding="UTF-8"?>
<map map_file="maps/bolivia.swf" tl_long="-69.655136" tl_lat="-9.680343" br_long="-57.520673" br_lat="-22.909402" zoom="90%" zoom_x="36.56%" zoom_y="7.14%">
  <areas>
    <area mc_name="BO_CQ" title="Chuquisaca"/>
    <area mc_name="BO_CB" title="Cochabamba"/>
    <area mc_name="BO_EB" title="El Beni"/>
    <area mc_name="BO_LP" title="La Paz"/>
    <area mc_name="BO_OR" title="Oruro"/>
    <area mc_name="BO_PA" title="Pando"/>
    <area mc_name="BO_PO" title="Potosí"/>
    <area mc_name="BO_SC" title="Santa Cruz"/>
    <area mc_name="BO_TR" title="Tarija"/>
    <area title="borders" mc_name="borders" color="#ffffff" balloon="false"></area>
  </areas>

  <movies>
    <movie title="La Paz" file="target" color="#CC0000" height="10" width="10" lat="-16.49901" long="-68.146263" fixed_size="true"></movie>
    <movie title="Sucre" file="target" color="#CC0000" height="10" width="10" lat="-19.0421394" long="-65.255882" fixed_size="true"></movie>
  </movies>

  <labels>
    <label x="797" y="163" text_size="18" color="#FFFFFF" remain="false">
      <text>Bolivia</text>
    </label>
  </labels>
</map>