﻿<?xml version="1.0" encoding="UTF-8"?>
<map map_file="maps/congo_dr.swf" tl_long="12.205166" tl_lat="5.387119" br_long="31.307186" br_lat="-13.457585" zoom="90%" zoom_x="28.69%" zoom_y="5.16%">
  <areas>
      <area mc_name="CD_BN" title="Bandundu"></area>
      <area mc_name="CD_BC" title="Bas-Congo"></area>
      <area mc_name="CD_EQ" title="Équateur"></area>
      <area mc_name="CD_KC" title="Kasaï-Occidental"></area>
      <area mc_name="CD_KR" title="Kasaï-Oriental"></area>
      <area mc_name="CD_KT" title="Katanga"></area>
      <area mc_name="CD_KN" title="Kinshasa City"></area>
      <area mc_name="CD_MN" title="Maniema"></area>
      <area mc_name="CD_NK" title="Nord-Kivu"></area>
      <area mc_name="CD_HC" title="Orientale"></area>
      <area mc_name="CD_SK" title="Sud-Kivu"></area>

      <area title="borders" mc_name="borders_outside" color="#FFFFFF" balloon="false" alpha="0"></area>
      <area title="borders" mc_name="borders_inside" color="#FFFFFF" balloon="false"></area>
  </areas>

  <movies>
    <movie title="Kinshasa" file="target" color="#CC0000" height="10" width="10" lat="-4.31642" long="15.29834" fixed_size="true"></movie>
  </movies>

  <labels>
    <label x="859" y="423" text_size="18" color="#FFFFFF" remain="false">
      <text>Democratic Republic of the Congo</text>
    </label>
  </labels>
</map>