﻿<?xml version="1.0" encoding="UTF-8"?>
<map map_file="maps/ethiopia.swf" tl_long="32.998791" tl_lat="14.901108" br_long="47.989240" br_lat="3.320897" zoom="90%" zoom_x="29.31%" zoom_y="3.97%">
  <areas>
        <area mc_name="ET_AA" title="Addis Ababa"></area>
        <area mc_name="ET_AF" title="Afar"></area>
        <area mc_name="ET_AM" title="Amhara"></area>
        <area mc_name="ET_BE" title="Benshangul-Gumaz"></area>
        <area mc_name="ET_DD" title="Dire Dawa"></area>
        <area mc_name="ET_GA" title="Gambela Peoples"></area>
        <area mc_name="ET_HA" title="Harari People"></area>
        <area mc_name="ET_OR" title="Oromia"></area>
        <area mc_name="ET_SO" title="Somali"></area>
        <area mc_name="ET_SN" title="Southern Nations, Nationalities and Peoples"></area>
        <area mc_name="ET_TI" title="Tigray"></area>
        <area title="borders" mc_name="borders_inside" color="#FFFFFF" balloon="false"></area>
        <area title="borders" mc_name="borders_outside" color="#FFFFFF" balloon="false" alpha="0"></area>
  </areas>
  <movies>
    <movie title="Addis Ababa" file="target" color="#CC0000" height="10" width="10" lat="9.021829593773045" long="38.746465891599655" fixed_size="true"></movie>
  </movies>

  <labels>
    <label x="876" y="170" text_size="18" color="#FFFFFF" remain="false">
      <text>Ethiopia</text>
    </label>
  </labels>
</map>