﻿<?xml version="1.0" encoding="UTF-8"?>
<map map_file="ecuador.swf" tl_long="-91.663891" tl_lat="1.437455" br_long="-75.192022" br_lat="-4.988860" zoom="90%" zoom_x="5.83%" zoom_y="55.47%">
  <areas>
    <area mc_name="EC_AZ" title="Azuay"/>
    <area mc_name="EC_BO" title="Bolívar"/>
    <area mc_name="EC_CN" title="Cañar"/>
    <area mc_name="EC_CR" title="Carchi"/>
    <area mc_name="EC_CB" title="Chimborazo"/>
    <area mc_name="EC_CT" title="Cotopaxi"/>
    <area mc_name="EC_EO" title="El Oro"/>
    <area mc_name="EC_ES" title="Esmeraldas"/>
    <area mc_name="EC_GA" title="Galápagos"/>
    <area mc_name="EC_GY" title="Guayas"/>
    <area mc_name="EC_IM" title="Imbabura"/>
    <area mc_name="EC_LJ" title="Loja"/>
    <area mc_name="EC_LR" title="Los Ríos"/>
    <area mc_name="EC_MN" title="Manabí"/>
    <area mc_name="EC_MS" title="Morona-Santiago"/>
    <area mc_name="EC_NA" title="Napo"/>
    <area mc_name="EC_OR" title="Orellana"/>
    <area mc_name="EC_PA" title="Pastaza"/>
    <area mc_name="EC_PC" title="Pichincha"/>
    <area mc_name="EC_SE" title="Santa Elena"/>
    <area mc_name="EC_SD" title="Santo Domingo de los Tsáchilas"/>
    <area mc_name="EC_SU" title="Sucumbios"/>
    <area mc_name="EC_TU" title="Tungurahua"/>
    <area mc_name="EC_ZC" title="Zamora-Chinchipe"/>
    <area title="borders" mc_name="borders" color="#ffffff" balloon="false"></area>
  </areas>

  <movies>
    <movie title="Quito" file="target" color="#CC0000" height="10" width="10" lat="-0.229" long="-78.524277" fixed_size="true"></movie>
  </movies>

  <labels>
    <label x="422" y="420" text_size="18" color="#FFFFFF" remain="false">
      <text>Ecuador</text>
    </label>
  </labels>
</map>