﻿<?xml version="1.0" encoding="UTF-8"?>
<map map_file="maps/new_caledonia.swf" tl_long="155.868395" tl_lat="-17.398632" br_long="168.959836" br_lat="-22.848570" zoom="136%" zoom_x="-53.44%" zoom_y="-25.99%">
  <areas>
    <area mc_name="NC_IL" title="Îles Loyauté"></area>
    <area mc_name="NC_NO" title="Nord"></area>
    <area mc_name="NC_SU" title="Sud"></area>
    <area title="borders" mc_name="borders_inside" color="#FFFFFF" balloon="false"></area>
    <area title="borders" mc_name="borders_outside" color="#FFFFFF" balloon="false" alpha="0"></area>
  </areas>
  <movies>
    <movie title="Nouméa" file="target" color="#CC0000" height="10" width="10" lat="-22.25414831582031" long="166.45841047167778" fixed_size="true"></movie>
  </movies>

  <labels>
    <label x="876" y="170" text_size="18" color="#FFFFFF" remain="false">
      <text>New Caledonia</text>
    </label>
  </labels>
</map>