<?xml version="1.0" encoding="UTF-8"?>
<map map_file="maps/iran.swf" tl_long="44.045928" tl_lat="39.778254" br_long="63.319029" br_lat="25.058343" zoom="90%" zoom_x="14.84%" zoom_y="4.66%">

  <areas>
      <area mc_name="IR_AR" title="Ardebil"></area>
      <area mc_name="IR_AL" title="Alborz"></area>
      <area mc_name="IR_BS" title="Bushehr"></area>
      <area mc_name="IR_CM" title="Chahar Mahall and Bakhtiari"></area>
      <area mc_name="IR_EA" title="East Azarbaijan"></area>
      <area mc_name="IR_ES" title="Esfahan"></area>
      <area mc_name="IR_FA" title="Fars"></area>
      <area mc_name="IR_GI" title="Gilan"></area>
      <area mc_name="IR_GO" title="Golestan"></area>
      <area mc_name="IR_HD" title="Hamadan"></area>
      <area mc_name="IR_HG" title="Hormozgan"></area>
      <area mc_name="IR_IL" title="Ilam"></area>
      <area mc_name="IR_KE" title="Kerman"></area>
      <area mc_name="IR_BK" title="Kermanshah"></area>
      <area mc_name="IR_KZ" title="Khuzestan"></area>
      <area mc_name="IR_KB" title="Kohgiluyeh and Buyer Ahmad"></area>
      <area mc_name="IR_KD" title="Kordestan"></area>
      <area mc_name="IR_LO" title="Lorestan"></area>
      <area mc_name="IR_MK" title="Markazi"></area>
      <area mc_name="IR_MN" title="Mazandaran"></area>
      <area mc_name="IR_KS" title="North Khorasan"></area>
      <area mc_name="IR_QZ" title="Qazvin"></area>
      <area mc_name="IR_QM" title="Qom"></area>
      <area mc_name="IR_KV" title="Razavi Khorasan"></area>
      <area mc_name="IR_SM" title="Semnan"></area>
      <area mc_name="IR_SB" title="Sistan and Baluchestan"></area>
      <area mc_name="IR_KJ" title="South Khorasan"></area>
      <area mc_name="IR_TH" title="Tehran"></area>
      <area mc_name="IR_WA" title="West Azarbaijan"></area>
      <area mc_name="IR_YA" title="Yazd"></area>
      <area mc_name="IR_ZA" title="Zanjan"></area>
      <area mc_name="borders_outside" color="#FFFFFF" balloon="false" alpha="0"></area>
      <area mc_name="borders_inside" color="#FFFFFF" balloon="false"></area>
  </areas>

  <movies>
    <movie title="Tehran" file="target" color="#CC0000" height="10" width="10" lat="35.67194" long="51.424438" fixed_size="true"></movie>
  </movies>

  <labels>
    <label x="730" y="75" text_size="18" color="#FFFFFF" remain="false">
      <text>Iran</text>
    </label>
  </labels>
</map>