﻿<?xml version="1.0" encoding="UTF-8"?>
<map map_file="maps/cape_verde.swf" tl_long="-25.361959" tl_lat="17.205510" br_long="-22.656944" br_lat="14.801614" zoom="90%" zoom_x="28.69%" zoom_y="5.16%">
  <areas>
    <area mc_name="CV_BV" title="Boa Vista"></area>
    <area mc_name="CV_BR" title="Brava"></area>
    <area mc_name="CV_MA" title="Maio"></area>
    <area mc_name="CV_MO" title="Mosteiros"></area>
    <area mc_name="CV_PA" title="Paul"></area>
    <area mc_name="CV_PN" title="Porto Novo"></area>
    <area mc_name="CV_PC" title="Praia"></area>
    <area mc_name="CV_RB" title="Ribeira Brava"></area>
    <area mc_name="CV_RG" title="Ribeira Grande"></area>
    <area mc_name="CV_RS" title="Ribeira Grande de Santiago"></area>
    <area mc_name="CV_SL" title="Sal"></area>
    <area mc_name="CV_CT" title="Santa Catarina"></area>
    <area mc_name="CV_CF" title="Santa Catarina do Fogo"></area>
    <area mc_name="CV_CZ" title="Santa Cruz"></area>
    <area mc_name="CV_SD" title="São Domingos"></area>
    <area mc_name="CV_FP" title="São Filipe"></area>
    <area mc_name="CV_LO" title="São Lourenço dos Órgãos"></area>
    <area mc_name="CV_SM" title="São Miguel"></area>
    <area mc_name="CV_SS" title="São Salvador do Mundo"></area>
    <area mc_name="CV_SV" title="São Vicente"></area>
    <area mc_name="CV_TF" title="Tarrafal"></area>
    <area mc_name="CV_TS" title="Tarrafal de São Nicolau"></area>
    <area title="borders" mc_name="borders_outside" color="#FFFFFF" balloon="false" alpha="0"></area>
    <area title="borders" mc_name="borders_inside" color="#FFFFFF" balloon="false"></area>
  </areas>

  <movies>
    <movie title="Praia" file="target" color="#CC0000" height="10" width="10" lat="14.928654880650846" long="-23.529882431030273" fixed_size="true"></movie>
  </movies>

  <labels>
    <label x="511" y="364" text_size="18" color="#FFFFFF" remain="false">
      <text>Cape Verde</text>
    </label>
  </labels>
</map>