<?xml version="1.0" encoding="UTF-8"?>
<map map_file="maps/israel_with_palestine.swf" tl_long="34.229026" tl_lat="33.43979" br_long="35.935202" br_lat="29.497004" zoom="85%" zoom_x="114.47%" zoom_y="9.29%">
  <areas>
<!-- Israel -->    
    <area mc_name="IL_GH" title="Golan"></area>
    <area mc_name="IL_HD" title="HaDarom"></area>
    <area mc_name="IL_HA" title="Haifa"></area>
    <area mc_name="IL_HM" title="HaMerkaz"></area>
    <area mc_name="IL_HZ" title="HaZafon"></area>
    <area mc_name="IL_JM" title="Jerusalem"></area>
    <area mc_name="IL_TA" title="Tel Aviv"></area>
    <area mc_name="borders_israel" title="borders" color="#FFFFFF" balloon="false"></area>
<!-- Palestinian Territories --> 
    <area mc_name="PS_WE_JC" title="Jericho"></area>
    <area mc_name="PS_WE_JN" title="Jenin"></area>
    <area mc_name="PS_WE_TL" title="Tulkarm"></area>
    <area mc_name="PS_WE_TB" title="Tubas"></area>
    <area mc_name="PS_WE_NA" title="Nablus"></area>
    <area mc_name="PS_WE_QA" title="Qalqilya"></area>
    <area mc_name="PS_WE_SA" title="Salfit"></area>
    <area mc_name="PS_WE_RB" title="Ramallah and Al-Bireh"></area>
    <area mc_name="PS_WE_JS" title="Jerusalem"></area>
    <area mc_name="PS_WE_BL" title="Bethlehem"></area>
    <area mc_name="PS_WE_HE" title="Hebron"></area>
    <area mc_name="PS_GZ_GS" title="Gaza ash Shamaliyah"></area>
    <area mc_name="PS_GZ_GZ" title="Gaza"></area>
    <area mc_name="PS_GZ_DB" title="Deir Al-Balah"></area>
    <area mc_name="PS_GZ_KY" title="Khan Yunis"></area>
    <area mc_name="PS_GZ_RA" title="Rafah"></area>
    <area mc_name="borders_palestine" title="borders" color="#FFFFFF" balloon="false"></area>
  </areas>

  <movies>
    <movie title="Jerusalem" file="target" color="#666666" height="10" width="10" lat="31.783333" long="35.216667" fixed_size="true"></movie>
  </movies>

  <labels>
    <label x="133" y="153" text_size="18" color="#FFFFFF" remain="false">
      <text>Israel & Palestinian Territories</text>
    </label>
  </labels>
</map>