<?xml version="1.0" encoding="UTF-8"?>
<map map_file="maps/spain1.swf" zoom_x="0%" zoom_y="0%" zoom="98%">
  <areas>
    <area title="Galicia" mc_name="galicia"></area>
    <area title="Asturias" mc_name="asturias"></area> 
    <area title="Cantabria" mc_name="cantabria"></area>
    <area title="Basque Country" mc_name="basque_country"></area>
    <area title="Navarre" mc_name="navarre"></area>
    <area title="Aragon" mc_name="aragon"></area>
    <area title="Catalonia" mc_name="catalonia"></area>
    <area title="La Rioja" mc_name="la_rioja"></area>
    <area title="Madrid" mc_name="madrid"></area>
    <area title="Castile-Leon" mc_name="castile_leon"></area>
    <area title="Castile-La Mancha" mc_name="castile_la_mancha"></area>
    <area title="Extremadura" mc_name="extremadura"></area>
    <area title="Valencia" mc_name="valencia"></area>
    <area title="Murcia" mc_name="murcia"></area>
    <area title="Andalusia" mc_name="andalusia"></area>
    <area title="Canary Islands" mc_name="canary_islands"></area>
    <area title="Balearic Islands" mc_name="balearic_islands"></area>
    
    <!-- countries -->
    <area mc_name="FR" color="#FF9900" balloon="false"></area>
    <area mc_name="AD" color="#FF9900" balloon="false"></area>
    <area mc_name="PT" color="#FF9900" balloon="false"></area>
  </areas>
  
  <movies>
    <movie title="Madrid. Click to zoom" file="target" color="#CC0000" width="30" height="30" long="-11.1883" lat="15.3229" zoom="326.1905%" zoom_x="-103.25%" zoom_y="-86.8%" fixed_size="true"></movie>
  </movies>
   
  <labels>
    <label x="73.7093%" y="69.8178%" text_size="18" color="#FFFFFF" remain="false">
      <text>Regions of Spain</text>
    </label>
  </labels>  
</map>
