<?xml version="1.0" encoding="UTF-8"?>
<map map_file="maps/afghanistan.swf" tl_long="60.504015" tl_lat="38.491589" br_long="74.895264" br_lat="29.360594" zoom="90%" zoom_x="6.01%" zoom_y="7.17%">

  <areas>
      <area mc_name="AF_BD" title="Badakhshan"></area>
      <area mc_name="AF_BG" title="Badghis"></area>
      <area mc_name="AF_BL" title="Baghlan"></area>
      <area mc_name="AF_BK" title="Balkh"></area>
      <area mc_name="AF_BM" title="Bamyan"></area>
      <area mc_name="AF_DK" title="Daykundi"></area>
      <area mc_name="AF_FH" title="Farah"></area>
      <area mc_name="AF_FB" title="Faryab"></area>
      <area mc_name="AF_GZ" title="Ghazni"></area>
      <area mc_name="AF_GR" title="Ghor"></area>
      <area mc_name="AF_HM" title="Helmand"></area>
      <area mc_name="AF_HR" title="Herat"></area>
      <area mc_name="AF_JW" title="Jowzjan"></area>
      <area mc_name="AF_KB" title="Kabul"></area>
      <area mc_name="AF_KD" title="Kandahar"></area>
      <area mc_name="AF_KP" title="Kapisa"></area>
      <area mc_name="AF_KT" title="Khost"></area>
      <area mc_name="AF_KR" title="Konar"></area>
      <area mc_name="AF_KZ" title="Kunduz"></area>
      <area mc_name="AF_LA" title="Laghman"></area>
      <area mc_name="AF_LW" title="Logar"></area>
      <area mc_name="AF_NG" title="Nangarhar"></area>
      <area mc_name="AF_NM" title="Nimruz"></area>
      <area mc_name="AF_NR" title="Nurestan"></area>
      <area mc_name="AF_OZ" title="Oruzgan"></area>
      <area mc_name="AF_PT" title="Paktia"></area>
      <area mc_name="AF_PK" title="Paktika"></area>
      <area mc_name="AF_PJ" title="Panjshir"></area>
      <area mc_name="AF_PV" title="Parvan"></area>
      <area mc_name="AF_SM" title="Samangan"></area>
      <area mc_name="AF_SP" title="Sare Pol"></area>
      <area mc_name="AF_TK" title="Takhar"></area>
      <area mc_name="AF_VR" title="Wardak"></area>
      <area mc_name="AF_ZB" title="Zabol"></area>
      <area mc_name="borders_outside" color="#FFFFFF" balloon="false" alpha="0"></area>
      <area mc_name="borders_inside" color="#FFFFFF" balloon="false"></area>
  </areas>

  <movies>
    <movie title="Kabul" file="target" color="#CC0000" height="10" width="10" lat="34.527233" long="69.164558" fixed_size="true"></movie>
  </movies>

  <labels>
    <label x="730" y="75" text_size="18" color="#FFFFFF" remain="false">
      <text>Afghanistan</text>
    </label>
  </labels>
</map>